Keytag,"Stock No","Reg No","Reg Date",Make,Model,Variant,Colour,Mileage,Body,Doors,Fuel,Gbox,FSH,RFL,MOT,Price,Status,"Location "
0,R0218,ENQUIRY,05/10/2018,"AA CAR UNKNOWN AA","CAR UNKNOWN","USE THIS FOR UNKNOWN STOCK ITEM  "," ",0,"Not set",0,Petrol,other,N,,05/10/2021,"10000.00 comm","Subject to","With Supplier",ACTIONSEditEXPEnq/SellInfoSmanImages
0,R0461,RF66UBC,09/12/2016,AUDI,A7,"3.0 TDI V6 ultra S line Sportback S Tronic 220 BHP Euro 6 ULEZ Free   ",BLACK,95986,Saloon,5,Diesel,Auto,N,165.00,14/11/2026,11999.00,"In Stock","Stanmore Retail",ACTIONSEditEXPEnq/SellInfoSmanImages
0,11064,CU21NBO,31/03/2021,BMW,"R SERIES","1254cc R 1250 GS ADVENTURE TE 134 BHP  ",BLACK,0,"Not set",0,Petrol,Manual,N,345.00,31/03/2024,5000.00,"In Stock","Stanmore 2",ACTIONSEditEXPEnq/SellInfoSmanImages
0,12672,BP21GYK,28/05/2021,BMW,"3 SERIES","2.0 320D SE PRO MHEV 4d AUTO 188 BHP  ",BLUE,20089,Saloon,4,"Elec D",Auto,N,,27/06/2025,"0.00 comm","Off-site R",ACL,ACTIONSEditEXPEnq/SellInfoSmanImages
0,11332,LM61YPN,10/11/2011,CHEVROLET,SPARK,"1.0 PLUS 70 BHP Petrol   ",RED,67552,Hatchback,5,Petrol,Manual,N,35.00,06/07/2026,2990.00,"In Stock","Stanmore Retail",ACTIONSEditEXPEnq/SellInfoSmanImages
0,14245,WV72CVW,30/11/2022,CITROEN,DISPATCH,"1.5 BlueHDi 1000 X Pro M FWD 100 BHP Euro 6 ULEZ Free   ",WHITE,85928,"PANEL VAN",6,Diesel,Manual,N,345.00,29/11/2026,"8490.00 comm","In Stock","Stanmore Retail",ACTIONSEditEXPEnq/SellInfoSmanImages
0,14222,KJ24ZSO,31/07/2024,CITROEN,DISPATCH,"1.5 BlueHDi Driver XL Panel Van 6dr Diesel Manual LWB Euro 6 (s/s) (120 ps)  ",WHITE,31673,"PANEL VAN",6,Diesel,Manual,N,345.00,31/07/2027,"0.00 comm","In Transit","Stanmore Retail",ACTIONSEditEXPEnq/SellInfoSmanImages
0,14100,SY71VVA,28/10/2021,CITROEN,BERLINGO,"1.5 BlueHDi 650 Enterprise M Pro Panel Van 5dr Diesel Manual SWB Euro 6 (75 ps)  ",WHITE,44224,"PANEL VAN",5,Diesel,Manual,N,345.00,27/10/2026,"0.00 comm","In Stock","With Supplier",ACTIONSEditEXPEnq/SellInfoSmanImages
0,14102,SL71TZU,28/10/2021,CITROEN,BERLINGO,"1.5 BlueHDi 650 Enterprise M Pro Panel Van 5dr Diesel Manual SWB Euro 6 (75 ps)  ",WHITE,67021,"PANEL VAN",5,Diesel,Manual,N,345.00,28/10/2026,"0.00 comm","In Stock","Stanmore Retail",ACTIONSEditEXPEnq/SellInfoSmanImages
0,14103,SY71VZJ,05/11/2021,CITROEN,BERLINGO,"1.5 BlueHDi 650 Enterprise M Pro Panel Van 5dr Diesel Manual SWB Euro 6 (75 ps)  ",WHITE,36900,"PANEL VAN",5,Diesel,Manual,N,345.00,25/11/2026,"0.00 comm","In Stock","Stanmore Retail",ACTIONSEditEXPEnq/SellInfoSmanImages
0,14104,SY71VKV,28/10/2021,CITROEN,BERLINGO,"1.5 BlueHDi 650 Enterprise M Pro Panel Van 5dr Diesel Manual SWB Euro 6 (75 ps)  ",WHITE,52530,"PANEL VAN",5,Diesel,Manual,N,345.00,19/01/2027,"0.00 comm","In Stock","Stanmore Retail",ACTIONSEditEXPEnq/SellInfoSmanImages
0,14224,SL71LHN,28/10/2021,CITROEN,BERLINGO,"1.5 BlueHDi 650 Enterprise M Pro 75 BHP SWB Euro 6 ULEZ Free   ",WHITE,90887,"PANEL VAN",5,Diesel,Manual,N,345.00,30/10/2026,"5990.00 comm","In Stock","Stanmore Retail",ACTIONSEditEXPEnq/SellInfoSmanImages
0,14301,CA71BKN,31/10/2021,CITROEN,BERLINGO,"1.5 BlueHDi 650 Enterprise M Pro Panel Van 5dr Diesel Manual SWB Euro 6 (75 ps)  ",GREY,102910,"PANEL VAN",5,Diesel,Manual,N,345.00,04/12/2025,"0.00 comm","In Stock","Stanmore Retail",ACTIONSEditEXPEnq/SellInfoSmanImages
0,08410,FX18TNF,06/03/2018,DUCATI,PANIGALE,"1103cc PANIGALE V4 214 BHP  ",RED,1997,"Not set",0,Petrol,Manual,N,345.00,06/03/2021,0.00,"In Stock","Stanmore 2",ACTIONSEditEXPEnq/SellInfoSmanImages
0,11466,YX69FEJ,01/03/2020,DUCATI,,"1103cc ALL MODELS   ",RED,0,"Not set",0,Petrol,other,N,345.00,01/03/2023,0.00,"In Stock","Stanmore 2",ACTIONSEditEXPEnq/SellInfoSmanImages
0,06318,KX12EUH,08/07/2019,ELECTRICARS,ELECTRICAR,"  "," ",7483,"Not set",0,Petrol,other,N,345.00,08/07/2022,"0.00 comm","In Stock","Stanmore 2",ACTIONSEditEXPEnq/SellInfoSmanImages
0,14250,LF22ZRE,30/06/2022,FIAT,SCUDO,"1.5 Multijet Tecnico Panel Van 6dr Diesel Manual SWB Euro 6 (s/s) (120 ps)  ",WHITE,19000,"PANEL VAN",6,Diesel,Manual,N,345.00,28/05/2026,"0.00 comm","In Stock","Stanmore Retail",ACTIONSEditEXPEnq/SellInfoSmanImages
0,08865,YR17NWZ,30/05/2017,FORD,"TRANSIT CUSTOM","2.0 270 TREND LR P/V 0d 104 BHP  ",WHITE,14609,"PANEL VAN",0,Diesel,Manual,N,345.00,07/12/2026," comm","In Stock","Stanmore 2",ACTIONSEditEXPEnq/SellInfoSmanImages
0,09029,BT17SZR,17/05/2017,FORD,"TRANSIT CUSTOM","2.0 290 LR P/V 0d 104 BHP  ",WHITE,47000,"PANEL VAN",0,Diesel,Manual,N,345.00,25/08/2026,,"In Stock","Stanmore 2",ACTIONSEditEXPEnq/SellInfoSmanImages
0,13083,HK73KKY,29/11/2023,FORD,"TRANSIT CUSTOM","2.0 320 Limited EcoBlue Automatic 136 BHP (New Shape) L1 H1 Euro 6 ULEZ Free   ",GREY,18611,"PANEL VAN",5,Diesel,Auto,N,345.00,28/11/2026,"23990.00 comm","In Stock","Stanmore Retail",ACTIONSEditEXPEnq/SellInfoSmanImages
0,13092,HK73KOB,20/11/2023,FORD,"TRANSIT CUSTOM","2.0 320 Limited EcoBlue Automatic 136 BHP (New Shape) L1 H1 Euro 6 ULEZ Free   ",GREY,17874,"PANEL VAN",5,Diesel,Auto,N,345.00,19/11/2026,"24250.00 comm","In Stock","Stanmore Retail",ACTIONSEditEXPEnq/SellInfoSmanImages
0,13097,HK73KPY,24/11/2023,FORD,"TRANSIT CUSTOM","2.0 320 Limited EcoBlue Automatic 136 BHP (New Shape) L1 H1 Euro 6 ULEZ Free   ",GREY,15599,"PANEL VAN",5,Diesel,Auto,N,345.00,23/11/2026,"24250.00 comm","In Stock","Stanmore Retail",ACTIONSEditEXPEnq/SellInfoSmanImages
0,13100,HK73KNY,30/11/2023,FORD,"TRANSIT CUSTOM","2.0 320 Limited EcoBlue Automatic 136 BHP (New Shape) L1 H1 Euro 6 ULEZ Free   ",GREY,16280,"PANEL VAN",5,Diesel,Auto,N,345.00,29/11/2026,"24250.00 comm","In Stock","Stanmore Retail",ACTIONSEditEXPEnq/SellInfoSmanImages
0,13113,HK73KNS,30/11/2023,FORD,"TRANSIT CUSTOM","2.0 320 Limited EcoBlue Automatic 136 BHP (New Shape) L1 H1 Euro 6 ULEZ Free   ",GREY,18028,"PANEL VAN",5,Diesel,Auto,N,345.00,29/11/2026,"23990.00 comm","In Stock","Stanmore Retail",ACTIONSEditEXPEnq/SellInfoSmanImages
0,13122,HK73KNR,13/11/2023,FORD,"TRANSIT CUSTOM","2.0 320 Limited EcoBlue Automatic 136 BHP (New Shape) L1 H1 Euro 6 ULEZ Free   ",GREY,13093,"PANEL VAN",5,Diesel,Auto,N,345.00,12/11/2026,"24350.00 comm","In Stock","Stanmore Retail",ACTIONSEditEXPEnq/SellInfoSmanImages
0,13126,HK73KKV,13/11/2023,FORD,"TRANSIT CUSTOM","2.0 320 Limited EcoBlue Automatic 136 BHP (New Shape) L1 H1 Euro 6 ULEZ Free   ",GREY,19956,"PANEL VAN",5,Diesel,Auto,N,345.00,12/11/2026,"23990.00 comm","In Stock","Stanmore Retail",ACTIONSEditEXPEnq/SellInfoSmanImages
0,13170,WO73MXX,31/01/2024,FORD,"TRANSIT CUSTOM","2.0 320 Limited EcoBlue Automatic 136 BHP (New Shape) L1 H1 Euro 6 ULEZ Free   ",GREY,14467,"PANEL VAN",5,Diesel,Auto,N,345.00,30/01/2027,"24250.00 comm","In Stock","Stanmore Retail",ACTIONSEditEXPEnq/SellInfoSmanImages
0,13189,HK73KLZ,20/11/2023,FORD,"TRANSIT CUSTOM","2.0 320 Limited EcoBlue Automatic 136 BHP (New Shape) L1 H1 Euro 6 ULEZ Free   ",GREY,25486,"PANEL VAN",5,Diesel,Auto,N,345.00,19/11/2026,"23890.00 comm","In Stock","Stanmore Retail",ACTIONSEditEXPEnq/SellInfoSmanImages
0,13195,WO73MZD,31/01/2024,FORD,"TRANSIT CUSTOM","2.0 320 Limited EcoBlue Automatic 136 BHP (New Shape) L1 H1 Euro 6 ULEZ Free   ",GREY,30173,"PANEL VAN",5,Diesel,Auto,N,345.00,30/01/2027,"23490.00 comm","In Stock","Stanmore Retail",ACTIONSEditEXPEnq/SellInfoSmanImages
0,13205,HT73FDM,05/02/2024,FORD,"TRANSIT CUSTOM","2.0 320 EcoBlue Limited Panel Van 5dr Diesel Auto L2 H1 Euro 6 (s/s) (136 ps)  ",GREY,26445,"PANEL VAN",5,Diesel,Auto,N,345.00,04/02/2027,"0.00 comm","In Stock","With Supplier",ACTIONSEditEXPEnq/SellInfoSmanImages
0,13212,HK73WFZ,05/02/2024,FORD,"TRANSIT CUSTOM","2.0 320 EcoBlue Limited Panel Van 5dr Diesel Auto L1 H1 Euro 6 (s/s) (136 ps)  ",GREY,20866,"PANEL VAN",5,Diesel,Auto,N,345.00,04/02/2027,"0.00 comm","In Stock","With Supplier",ACTIONSEditEXPEnq/SellInfoSmanImages
0,13283,WO73NMK,31/01/2024,FORD,"TRANSIT CUSTOM","2.0 320 Limited EcoBlue Automatic 136 BHP (New Shape) L1 H1 Euro 6 ULEZ Free   ",GREY,13801,"PANEL VAN",5,Diesel,Auto,N,345.00,30/01/2027,"24250.00 comm","In Stock","Stanmore Retail",ACTIONSEditEXPEnq/SellInfoSmanImages
0,13498,HK73KPN,17/11/2023,FORD,"TRANSIT CUSTOM","2.0 320 Limited EcoBlue Automatic 136 BHP (New Shape) L1 H1 Euro 6 ULEZ Free   ",GREY,13892,"PANEL VAN",5,Diesel,Auto,N,345.00,16/11/2026,"24250.00 comm","In Stock","Stanmore Retail",ACTIONSEditEXPEnq/SellInfoSmanImages
0,13906,WR72ZGX,11/11/2022,FORD,"TRANSIT CUSTOM","2.0 320 EcoBlue Limited Automatic 170 BHP L1 H1 Combi Van Euro ULEZ Free   ",BLACK,31640,"Combi Van",5,Diesel,Auto,Y,345.00,03/12/2026,"21990.00 comm","In Stock","Stanmore Retail",ACTIONSEditEXPEnq/SellInfoSmanImages
0,13954,WV73YRR,01/09/2023,FORD,"TRANSIT CUSTOM","2.0 320 Limited EcoBlue Automatic 170 BHP L2 H1 Euro 6 ULEZ Free   ",WHITE,26564,"PANEL VAN",5,Diesel,Auto,N,345.00,01/09/2026,"20490.00 comm","In Stock","Stanmore Retail",ACTIONSEditEXPEnq/SellInfoSmanImages
0,13959,WV73YVJ,28/09/2023,FORD,"TRANSIT CUSTOM","2.0 320 Limited EcoBlue Automatic 170 BHP L2 H1 Euro 6 ULEZ Free   ",SILVER,35949,"PANEL VAN",5,Diesel,Auto,N,345.00,28/09/2026,"20490.00 comm","In Stock","Stanmore Retail",ACTIONSEditEXPEnq/SellInfoSmanImages
0,13964,WN73EWE,01/09/2023,FORD,"TRANSIT CUSTOM","2.0 320 Limited EcoBlue Automatic 170 BHP L2 H1 Euro 6 ULEZ Free   ",BLACK,31626,"PANEL VAN",5,Diesel,Auto,N,345.00,01/09/2026,"20490.00 comm","In Stock","Stanmore Retail",ACTIONSEditEXPEnq/SellInfoSmanImages
0,13965,WV73ZVK,01/09/2023,FORD,"TRANSIT CUSTOM","2.0 320 Limited EcoBlue Automatic 170 BHP L2 H1 Euro 6 ULEZ Free   ",BLACK,37165,"PANEL VAN",5,Diesel,Auto,N,345.00,01/09/2026,"20490.00 comm","In Stock","Stanmore Retail",ACTIONSEditEXPEnq/SellInfoSmanImages
0,13990,WN73DDZ,27/09/2023,FORD,"TRANSIT CUSTOM","2.0 320 Limited EcoBlue Automatic 170 BHP L2 H1 Euro 6 ULEZ Free   ",SILVER,21294,"PANEL VAN",5,Diesel,Auto,N,345.00,27/09/2026,"20990.00 comm","In Stock","Stanmore Retail",ACTIONSEditEXPEnq/SellInfoSmanImages
0,14000,WV73YWA,29/09/2023,FORD,"TRANSIT CUSTOM","2.0 320 Limited EcoBlue Automatic 170 BHP L2 H1 Euro 6 ULEZ Free   ",SILVER,32450,"PANEL VAN",5,Diesel,Auto,N,345.00,29/09/2026,"20490.00 comm","In Stock","Stanmore Retail",ACTIONSEditEXPEnq/SellInfoSmanImages
0,14008,WV73ZJK,01/09/2023,FORD,"TRANSIT CUSTOM","2.0 320 Limited EcoBlue Automatic 170 BHP L2 H1 Euro 6 ULEZ Free   ",WHITE,29337,"PANEL VAN",5,Diesel,Auto,N,345.00,01/09/2026,"20490.00 comm","In Stock","Stanmore Retail",ACTIONSEditEXPEnq/SellInfoSmanImages
0,14019,WR23GFA,13/04/2023,FORD,"TRANSIT CUSTOM","2.0 340 Limited EcoBlue Automatic 170 BHP L1 H1 Euro 6 ULEZ Free   ",GREY,35012,"PANEL VAN",5,Diesel,Auto,Y,345.00,13/04/2026,"19990.00 comm","In Stock","Stanmore Retail",ACTIONSEditEXPEnq/SellInfoSmanImages
0,14075,WN23VCO,20/03/2023,FORD,"TRANSIT CUSTOM","2.0 340 Limited EcoBlue Automatic 170 BHP L1 H1 Euro 6 ULEZ Free   ",GREY,27903,"PANEL VAN",5,Diesel,Auto,Y,345.00,02/02/2027,"19990.00 comm","In Stock","Stanmore Retail",ACTIONSEditEXPEnq/SellInfoSmanImages
0,14082,WV73YSW,15/09/2023,FORD,"TRANSIT CUSTOM","2.0 320 Limited EcoBlue Automatic 170 BHP L2 H1 Euro 6 ULEZ Compliant   ",BLACK,22028,"PANEL VAN",5,Diesel,Auto,N,345.00,15/09/2026,"20890.00 comm","In Stock","Stanmore Retail",ACTIONSEditEXPEnq/SellInfoSmanImages
0,14087,WN73CYJ,05/09/2023,FORD,"TRANSIT CUSTOM","2.0 320 EcoBlue Limited Panel Van 5dr Diesel Auto L2 H1 Euro 6 (170 ps)  ",GREY,28549,"PANEL VAN",5,Diesel,Auto,N,345.00,05/09/2026,"0.00 comm","In Stock","Stanmore Retail",ACTIONSEditEXPEnq/SellInfoSmanImages
0,14088,WR23PZS,14/06/2023,FORD,"TRANSIT CUSTOM","2.0 340 EcoBlue Limited Panel Van 5dr Diesel Auto L1 H1 Euro 6 (s/s) (170 ps)  ",GREY,30001,"PANEL VAN",5,Diesel,Auto,N,345.00,14/06/2026,"0.00 comm","In Stock","Stanmore Retail",ACTIONSEditEXPEnq/SellInfoSmanImages
0,14089,WN73EXA,01/09/2023,FORD,"TRANSIT CUSTOM","2.0 320 Limited EcoBlue Automatic 170 BHP L2 H1 Euro 6 ULEZ Compliant   ",SILVER,24067,"PANEL VAN",5,Diesel,Auto,N,345.00,01/09/2026,"20690.00 comm","In Stock","Stanmore Retail",ACTIONSEditEXPEnq/SellInfoSmanImages
0,14092,WV73YSA,29/09/2023,FORD,"TRANSIT CUSTOM","2.0 320 EcoBlue Limited Panel Van 5dr Diesel Auto L2 H1 Euro 6 (170 ps)  ",SILVER,29700,"PANEL VAN",5,Diesel,Auto,N,345.00,29/09/2026,"0.00 comm","In Stock","Stanmore Retail",ACTIONSEditEXPEnq/SellInfoSmanImages
0,14093,WO74DPV,31/01/2025,FORD,"TRANSIT CUSTOM","2.0 320 EcoBlue Trail 136 BHP L2 H1 Euro 6 ULEZ Free   ",GREY,10422,"PANEL VAN",5,Diesel,Manual,N,345.00,31/01/2028,"26490.00 comm","In Stock","Stanmore Retail",ACTIONSEditEXPEnq/SellInfoSmanImages
0,14122,RX69KPT,21/11/2019,FORD,"TRANSIT CUSTOM","2.0 300 EcoBlue Limited Panel Van 5dr Diesel Auto L2 H1 Euro 6 (s/s) (130 ps)  ",BLACK,110000,"PANEL VAN",5,Diesel,Auto,N,345.00,25/08/2026,,"In Stock","Stanmore PDI",ACTIONSEditEXPEnq/SellInfoSmanImages
0,14099,WV73YPJ,01/09/2023,FORD,"TRANSIT CUSTOM","2.0 320 EcoBlue Limited Panel Van 5dr Diesel Auto L2 H1 Euro 6 (170 ps)  ",BLACK,32916,"PANEL VAN",5,Diesel,Auto,N,345.00,01/09/2026,"0.00 comm","In Stock","Stanmore Retail",ACTIONSEditEXPEnq/SellInfoSmanImages
0,14125,BK21DFD,10/05/2021,FORD,"TRANSIT CUSTOM","2.0 320 EcoBlue Leader 130 BHP L2 H1 Euro 6 ULEZ Free  ",WHITE,98917,"PANEL VAN",5,Diesel,Manual,N,345.00,09/05/2025,"9690.00 comm","In Stock","Stanmore Retail",ACTIONSEditEXPEnq/SellInfoSmanImages
0,14127,MA71XLZ,16/11/2021,FORD,"TRANSIT CUSTOM","2.0 300 EcoBlue Leader 130 BHP L1 H1 Euro 6 ULEZ Free   ",WHITE,61654,"PANEL VAN",5,Diesel,Manual,N,345.00,02/02/2027,"10490.00 comm","In Stock","Stanmore Retail",ACTIONSEditEXPEnq/SellInfoSmanImages
0,14132,MA71VSX,29/10/2021,FORD,"TRANSIT CUSTOM","2.0 300 EcoBlue Leader Panel Van 5dr Diesel Manual L1 H1 Euro 6 (s/s) (130 ps)  ",WHITE,101817,"PANEL VAN",5,Diesel,Manual,N,345.00,25/09/2026,"0.00 comm","In Stock","Stanmore Retail",ACTIONSEditEXPEnq/SellInfoSmanImages
0,14165,CA22ZDG,27/06/2022,FORD,"TRANSIT CUSTOM","2.0 300 Limited EcoBlue 130 BHP L1 H1 Euro 6 ULEZ Free   ",WHITE,73029,"PANEL VAN",5,Diesel,Manual,N,345.00,06/07/2026,"12590.00 comm","In Stock","Stanmore Retail",ACTIONSEditEXPEnq/SellInfoSmanImages
0,14172,CA22ZNE,03/08/2022,FORD,"TRANSIT CUSTOM","2.0 300 EcoBlue Limited Panel Van 5dr Diesel Manual L1 H1 Euro 6 (s/s) (130 ps)  ",WHITE,70732,"PANEL VAN",5,Diesel,Manual,N,345.00,02/08/2026,"0.00 comm","In Stock","Stanmore Retail",ACTIONSEditEXPEnq/SellInfoSmanImages
0,14180,ML22GOK,07/04/2022,FORD,"TRANSIT CUSTOM","2.0 300 EcoBlue Leader Panel Van 5dr Diesel Manual L1 H1 Euro 6 (s/s) (105 ps)  ",WHITE,83000,"PANEL VAN",5,Diesel,Manual,N,345.00,08/04/2026,"0.00 comm","In Stock","Stanmore Retail",ACTIONSEditEXPEnq/SellInfoSmanImages
0,14241,BA68WSL,31/01/2019,FORD,"TRANSIT CUSTOM","2.0 300 EcoBlue Panel Van 5dr Diesel Manual L1 H1 Euro 6 (105 ps)  ",WHITE,93490,"PANEL VAN",5,Diesel,Manual,N,345.00,30/01/2026," comm","In Stock","Stanmore Retail",ACTIONSEditEXPEnq/SellInfoSmanImages
0,14242,BW19UNS,26/07/2019,FORD,"TRANSIT CUSTOM","2.0 300 EcoBlue Panel Van 5dr Diesel Manual L2 H1 Euro 6 (130 ps)  ",WHITE,87542,"PANEL VAN",5,Diesel,Manual,N,345.00,18/10/2026," comm","In Stock","Stanmore Retail",ACTIONSEditEXPEnq/SellInfoSmanImages
0,14196,MA71VSJ,21/09/2021,FORD,"TRANSIT CUSTOM","2.0 300 EcoBlue Leader 130 BHP L1 H1 Euro 6 ULEZ Free   ",WHITE,63823,"PANEL VAN",5,Diesel,Manual,N,345.00,20/09/2026,"10290.00 comm","In Stock","Stanmore Retail",ACTIONSEditEXPEnq/SellInfoSmanImages
0,14198,MA71VPW,21/09/2021,FORD,"TRANSIT CUSTOM","2.0 300 EcoBlue Leader Panel Van 5dr Diesel Manual L1 H1 Euro 6 (s/s) (130 ps)  ",WHITE,71760,"PANEL VAN",5,Diesel,Manual,N,345.00,20/09/2026,"0.00 comm","In Stock","Stanmore Retail",ACTIONSEditEXPEnq/SellInfoSmanImages
0,14199,MA71WMU,09/12/2021,FORD,"TRANSIT CUSTOM","2.0 300 EcoBlue Leader Panel Van 5dr Diesel Manual L1 H1 Euro 6 (s/s) (130 ps)  ",WHITE,63830,"PANEL VAN",5,Diesel,Manual,N,345.00,26/10/2026,"0.00 comm","In Stock","Stanmore Retail",ACTIONSEditEXPEnq/SellInfoSmanImages
0,14204,WV73ZHL,06/09/2023,FORD,"TRANSIT CUSTOM","2.0 320 Limited EcoBlue Automatic 170 BHP L2 H1 Euro 6 ULEZ Free   ",WHITE,38225,"PANEL VAN",5,Diesel,Auto,N,345.00,06/09/2026,"20390.00 comm","In Stock","Stanmore Retail",ACTIONSEditEXPEnq/SellInfoSmanImages
0,14221,MA71WRV,09/12/2021,FORD,"TRANSIT CUSTOM","2.0 300 EcoBlue Leader 130 BHP L1 H1 Euro 6 ULEZ Free   ",WHITE,26077,"PANEL VAN",5,Diesel,Manual,N,345.00,22/10/2026,"12990.00 comm","Subject to","Stanmore Retail",ACTIONSEditEXPEnq/SellInfoSmanImages
0,14227,ML22GOU,07/04/2022,FORD,"TRANSIT CUSTOM","2.0 300 EcoBlue Leader 105 BHP L1 H1 Euro 6 ULEZ Free   ",WHITE,58437,"PANEL VAN",5,Diesel,Manual,N,345.00,07/04/2026,"11990.00 comm","In Stock","Stanmore Retail",ACTIONSEditEXPEnq/SellInfoSmanImages
0,14228,ML22GPE,08/04/2022,FORD,"TRANSIT CUSTOM","2.0 300 EcoBlue Leader 105 BHP L1 H1 Euro 6 ULEZ free   ",WHITE,66785,"PANEL VAN",5,Diesel,Manual,N,345.00,05/02/2027,"10990.00 comm","In Stock","Stanmore Retail",ACTIONSEditEXPEnq/SellInfoSmanImages
0,14231,BL70DWW,04/01/2021,FORD,"TRANSIT CUSTOM","2.0 300 EcoBlue Leader 105 BHP L1 H1 Euro 6 ULEZ Compliant   ",WHITE,95245,"PANEL VAN",5,Diesel,Manual,N,345.00,05/01/2027,"7490.00 comm","In Stock","Stanmore Retail",ACTIONSEditEXPEnq/SellInfoSmanImages
0,14235,BK21HLM,27/04/2021,FORD,"TRANSIT CUSTOM","2.0 300 EcoBlue Leader 105 BHP L1 H1 Euro 6 ULEZ Free   ",WHITE,100000,"PANEL VAN",5,Diesel,Manual,N,345.00,12/03/2026,"7990.00 comm","In Stock","Stanmore Retail",ACTIONSEditEXPEnq/SellInfoSmanImages
0,14236,WV73ZWA,01/09/2023,FORD,"TRANSIT CUSTOM","2.0 320 EcoBlue Limited Panel Van 5dr Diesel Auto L1 H1 Euro 6 (170 ps)  ",SILVER,36146,"PANEL VAN",5,Diesel,Auto,N,345.00,01/09/2026,"0.00 comm","In Stock","Stanmore Retail",ACTIONSEditEXPEnq/SellInfoSmanImages
0,14237,WN73EXV,01/09/2023,FORD,"TRANSIT CUSTOM","2.0 320 EcoBlue Limited Panel Van 5dr Diesel Auto L1 H1 Euro 6 (170 ps)  ",SILVER,36221,"PANEL VAN",5,Diesel,Auto,N,345.00,01/09/2026,"0.00 comm","In Stock","Stanmore Retail",ACTIONSEditEXPEnq/SellInfoSmanImages
0,14238,LJ23GTK,10/07/2023,FORD,"TRANSIT CUSTOM","2.0 300 EcoBlue Leader Panel Van 5dr Diesel Manual L2 H1 Euro 6 (s/s) (130 ps)  ",WHITE,35992,"PANEL VAN",5,Diesel,Manual,N,345.00,10/07/2026,"0.00 comm","In Stock","Stanmore Retail",ACTIONSEditEXPEnq/SellInfoSmanImages
0,14247,ML22GRF,11/04/2022,FORD,"TRANSIT CUSTOM","2.0 300 EcoBlue Leader 105 BHP L1 H1 Euro 6 ULEZ Compliant    ",WHITE,81712,"PANEL VAN",5,Diesel,Manual,N,345.00,10/04/2026,"9990.00 comm","In Stock","Stanmore Retail",ACTIONSEditEXPEnq/SellInfoSmanImages
0,14263,WN73CZE,10/10/2023,FORD,"TRANSIT CUSTOM","2.0 320 EcoBlue Limited Panel Van 5dr Diesel Auto L2 H1 Euro 6 (170 ps)  ",GREY,36512,"PANEL VAN",5,Diesel,Auto,N,345.00,10/10/2026,"0.00 comm","In Stock","Stanmore Retail",ACTIONSEditEXPEnq/SellInfoSmanImages
0,14264,ML22GRK,07/04/2022,FORD,"TRANSIT CUSTOM","2.0 300 EcoBlue Leader Panel Van 5dr Diesel Manual L1 H1 Euro 6 (s/s) (105 ps)  ",WHITE,75000,"PANEL VAN",5,Diesel,Manual,N,345.00,06/04/2026,"0.00 comm","In Stock","Stanmore Retail",ACTIONSEditEXPEnq/SellInfoSmanImages
0,14267,WV73YVL,01/09/2023,FORD,"TRANSIT CUSTOM","2.0 320 EcoBlue Limited Panel Van 5dr Diesel Auto L1 H1 Euro 6 (170 ps)  ",BLACK,30607,"PANEL VAN",5,Diesel,Auto,N,345.00,01/09/2026,"0.00 comm","In Stock","Stanmore Retail",ACTIONSEditEXPEnq/SellInfoSmanImages
0,14272,WR23PZP,07/06/2023,FORD,"TRANSIT CUSTOM","2.0 340 EcoBlue Limited Panel Van 5dr Diesel Auto L1 H1 Euro 6 (s/s) (170 ps)  ",GREY,30722,"PANEL VAN",5,Diesel,Auto,N,345.00,07/06/2026,"0.00 comm","In Stock","Stanmore Retail",ACTIONSEditEXPEnq/SellInfoSmanImages
0,14275,MA71VSP,29/10/2021,FORD,"TRANSIT CUSTOM","2.0 300 EcoBlue Leader Panel Van 5dr Diesel Manual L1 H1 Euro 6 (s/s) (130 ps)  ",WHITE,82962,"PANEL VAN",5,Diesel,Manual,N,345.00,14/09/2026,"0.00 comm","In Stock","Stanmore Retail",ACTIONSEditEXPEnq/SellInfoSmanImages
0,14276,MA71WRT,09/12/2021,FORD,"TRANSIT CUSTOM","2.0 300 EcoBlue Leader 130 BHP L1 H1 Euro 6 ULEZ Compliant    ",WHITE,71954,"PANEL VAN",5,Diesel,Manual,N,345.00,28/10/2026,"9490.00 comm","In Stock","Stanmore Retail",ACTIONSEditEXPEnq/SellInfoSmanImages
0,14277,MA71WNV,09/12/2021,FORD,"TRANSIT CUSTOM","2.0 300 EcoBlue Leader Panel Van 5dr Diesel Manual L1 H1 Euro 6 (s/s) (130 ps)  ",WHITE,57436,"PANEL VAN",5,Diesel,Manual,N,345.00,08/12/2026,"0.00 comm","In Stock","Stanmore Retail",ACTIONSEditEXPEnq/SellInfoSmanImages
0,14278,MA71WTG,09/12/2021,FORD,"TRANSIT CUSTOM","2.0 300 EcoBlue Leader Panel Van 5dr Diesel Manual L1 H1 Euro 6 (s/s) (130 ps)  ",WHITE,40670,"PANEL VAN",5,Diesel,Manual,N,345.00,08/12/2026,"0.00 comm","In Stock","Stanmore Retail",ACTIONSEditEXPEnq/SellInfoSmanImages
0,14279,MA71WNH,09/12/2021,FORD,"TRANSIT CUSTOM","2.0 300 EcoBlue Leader Panel Van 5dr Diesel Manual L1 H1 Euro 6 (s/s) (130 ps)  ",WHITE,56778,"PANEL VAN",5,Diesel,Manual,N,345.00,08/12/2026,"0.00 comm","In Stock","Stanmore Retail",ACTIONSEditEXPEnq/SellInfoSmanImages
0,14280,MA71WRR,09/12/2021,FORD,"TRANSIT CUSTOM","2.0 300 EcoBlue Leader Panel Van 5dr Diesel Manual L1 H1 Euro 6 (s/s) (130 ps)  ",WHITE,71333,"PANEL VAN",5,Diesel,Manual,N,345.00,08/12/2026,"0.00 comm","In Stock","Stanmore Retail",ACTIONSEditEXPEnq/SellInfoSmanImages
0,14281,MA71XNK,18/11/2021,FORD,"TRANSIT CUSTOM","2.0 300 EcoBlue Leader Panel Van 5dr Diesel Manual L1 H1 Euro 6 (s/s) (130 ps)  ",WHITE,54166,"PANEL VAN",5,Diesel,Manual,N,345.00,17/11/2026,"0.00 comm","In Stock","Stanmore Retail",ACTIONSEditEXPEnq/SellInfoSmanImages
0,14282,MA71WNL,09/12/2021,FORD,"TRANSIT CUSTOM","2.0 300 EcoBlue Leader Panel Van 5dr Diesel Manual L1 H1 Euro 6 (s/s) (130 ps)  ",WHITE,59069,"PANEL VAN",5,Diesel,Manual,N,345.00,08/12/2026,"0.00 comm","In Stock","Stanmore Retail",ACTIONSEditEXPEnq/SellInfoSmanImages
0,14283,MA71VUT,06/10/2021,FORD,"TRANSIT CUSTOM","2.0 300 EcoBlue Leader Panel Van 5dr Diesel Manual L1 H1 Euro 6 (s/s) (130 ps)  ",WHITE,68235,"PANEL VAN",5,Diesel,Manual,N,345.00,05/10/2026,"0.00 comm","In Stock","Stanmore Retail",ACTIONSEditEXPEnq/SellInfoSmanImages
0,14284,MA71XPT,30/11/2021,FORD,"TRANSIT CUSTOM","2.0 300 EcoBlue Leader Panel Van 5dr Diesel Manual L1 H1 Euro 6 (s/s) (130 ps)  ",WHITE,56273,"PANEL VAN",5,Diesel,Manual,N,345.00,21/10/2026,"0.00 comm","In Stock","Stanmore Retail",ACTIONSEditEXPEnq/SellInfoSmanImages
0,14285,MA71VSZ,21/09/2021,FORD,"TRANSIT CUSTOM","2.0 300 EcoBlue Leader Panel Van 5dr Diesel Manual L1 H1 Euro 6 (s/s) (130 ps)  ",WHITE,37087,"PANEL VAN",5,Diesel,Manual,N,345.00,20/09/2026,"0.00 comm","In Stock","Stanmore Retail",ACTIONSEditEXPEnq/SellInfoSmanImages
0,14286,MA71VRF,21/09/2021,FORD,"TRANSIT CUSTOM","2.0 300 EcoBlue Leader Panel Van 5dr Diesel Manual L1 H1 Euro 6 (s/s) (130 ps)  ",WHITE,66445,"PANEL VAN",5,Diesel,Manual,N,345.00,18/08/2026,"0.00 comm","In Stock","Stanmore Retail",ACTIONSEditEXPEnq/SellInfoSmanImages
0,14287,MA71VRM,06/10/2021,FORD,"TRANSIT CUSTOM","2.0 300 EcoBlue Leader Panel Van 5dr Diesel Manual L1 H1 Euro 6 (s/s) (130 ps)  ",WHITE,59071,"PANEL VAN",5,Diesel,Manual,N,345.00,09/10/2026,"0.00 comm","In Stock","Stanmore Retail",ACTIONSEditEXPEnq/SellInfoSmanImages
0,14288,MA71VUF,15/11/2021,FORD,"TRANSIT CUSTOM","2.0 300 EcoBlue Leader Panel Van 5dr Diesel Manual L1 H1 Euro 6 (s/s) (130 ps)  ",WHITE,80854,"PANEL VAN",5,Diesel,Manual,N,345.00,14/11/2026,"0.00 comm","In Stock","Stanmore Retail",ACTIONSEditEXPEnq/SellInfoSmanImages
0,14299,BL70DNY,20/01/2021,FORD,"TRANSIT CUSTOM","2.0 300 EcoBlue Leader Panel Van 5dr Diesel Manual L1 H1 Euro 6 (s/s) (105 ps)  ",WHITE,89840,"PANEL VAN",5,Diesel,Manual,N,345.00,18/12/2026,"0.00 comm","In Stock","Stanmore Retail",ACTIONSEditEXPEnq/SellInfoSmanImages
0,14300,BW21APZ,10/06/2021,FORD,"TRANSIT CUSTOM","2.0 300 EcoBlue Leader Panel Van 5dr Diesel Manual L2 H2 Euro 6 (s/s) (130 ps)  ",WHITE,109138,"PANEL VAN",5,Diesel,Manual,N,345.00,17/06/2026,"0.00 comm","In Stock","Stanmore Retail",ACTIONSEditEXPEnq/SellInfoSmanImages
0,14302,MA71WTD,09/12/2021,FORD,"TRANSIT CUSTOM","2.0 300 EcoBlue Leader Panel Van 5dr Diesel Manual L1 H1 Euro 6 (s/s) (130 ps)  ",WHITE,91405,"PANEL VAN",5,Diesel,Manual,N,345.00,15/12/2026,"0.00 comm","In Stock","Stanmore Retail",ACTIONSEditEXPEnq/SellInfoSmanImages
0,14304,BD23FVM,18/04/2023,FORD,"TRANSIT CUSTOM","2.0 320 EcoBlue Limited Panel Van 5dr Diesel Manual L2 H1 Euro 6 (s/s) (130 ps)  ",WHITE,72390,"PANEL VAN",5,Diesel,Manual,N,345.00,18/04/2026,"0.00 comm","In Stock","Stanmore Retail",ACTIONSEditEXPEnq/SellInfoSmanImages
0,14309,ML22GPX,08/04/2022,FORD,"TRANSIT CUSTOM","2.0 300 EcoBlue Leader 105 BHP L1 H1 Euro 6 ULEZ Compliant    ",WHITE,82212,"PANEL VAN",5,Diesel,Manual,N,345.00,05/02/2027,"9990.00 comm","In Stock","Stanmore Retail",ACTIONSEditEXPEnq/SellInfoSmanImages
0,14313,MA71VPJ,29/10/2021,FORD,"TRANSIT CUSTOM","2.0 300 EcoBlue Leader Panel Van 5dr Diesel Manual L1 H1 Euro 6 (s/s) (130 ps)  ",WHITE,61200,"PANEL VAN",5,Diesel,Manual,N,345.00,28/10/2026,"0.00 comm","In Stock","Stanmore Retail",ACTIONSEditEXPEnq/SellInfoSmanImages
0,14314,HJ71WDS,21/10/2021,FORD,"TRANSIT CUSTOM","2.0 300 EcoBlue Leader Panel Van 5dr Diesel Manual L1 H1 Euro 6 (s/s) (130 ps)  ",WHITE,118750,"PANEL VAN",5,Diesel,Manual,N,345.00,20/10/2025,"0.00 comm","In Stock","With Supplier",ACTIONSEditEXPEnq/SellInfoSmanImages
0,14315,BL21RTV,20/05/2021,FORD,"TRANSIT CUSTOM","2.0 300 EcoBlue Leader Panel Van 5dr Diesel Manual L1 H1 Euro 6 (s/s) (105 ps)  ",WHITE,66709,"PANEL VAN",5,Diesel,Manual,N,345.00,19/05/2026,"0.00 comm","In Stock","Stanmore Retail",ACTIONSEditEXPEnq/SellInfoSmanImages
0,14318,SK70SNU,21/10/2020,FORD,"TRANSIT CUSTOM","2.0 280 EcoBlue Leader Panel Van 5dr Diesel Manual L1 H1 Euro 6 (s/s) (105 ps)  ",WHITE,41896,"PANEL VAN",5,Diesel,Manual,N,345.00,08/08/2026,"0.00 comm","In Stock","Stanmore Retail",ACTIONSEditEXPEnq/SellInfoSmanImages
0,14319,BN70WRX,16/12/2020,FORD,"TRANSIT CUSTOM","2.0 300 EcoBlue Leader Panel Van 5dr Diesel Manual L1 H1 Euro 6 (s/s) (105 ps)  ",WHITE,86932,"PANEL VAN",5,Diesel,Manual,N,345.00,22/01/2027,"0.00 comm","In Stock","With Supplier",ACTIONSEditEXPEnq/SellInfoSmanImages
0,14320,MA71WMT,09/12/2021,FORD,"TRANSIT CUSTOM","2.0 300 EcoBlue Leader Panel Van 5dr Diesel Manual L1 H1 Euro 6 (s/s) (130 ps)  ",WHITE,47335,"PANEL VAN",5,Diesel,Manual,N,345.00,08/12/2026,"0.00 comm","In Stock","Stanmore Retail",ACTIONSEditEXPEnq/SellInfoSmanImages
0,14322,ML22GOP,07/04/2022,FORD,"TRANSIT CUSTOM","2.0 300 EcoBlue Leader Panel Van 5dr Diesel Manual L1 H1 Euro 6 (s/s) (105 ps)  ",WHITE,56000,"PANEL VAN",5,Diesel,Manual,N,345.00,08/04/2026,"0.00 comm","In Stock","Stanmore Retail",ACTIONSEditEXPEnq/SellInfoSmanImages
0,14324,WV73ZHT,06/09/2023,FORD,"TRANSIT CUSTOM","2.0 320 EcoBlue Limited Panel Van 5dr Diesel Auto L1 H1 Euro 6 (170 ps)  ",GREY,34868,"PANEL VAN",5,Diesel,Auto,N,345.00,"Not set","0.00 comm","In Stock","With Supplier",ACTIONSEditEXPEnq/SellInfoSmanImages
0,14327,WR23PKZ,10/07/2023,FORD,"TRANSIT CUSTOM","2.0 340 EcoBlue Limited Panel Van 5dr Diesel Auto L1 H1 Euro 6 (s/s) (170 ps)  ",GREY,27929,"PANEL VAN",5,Diesel,Auto,N,345.00,"Not set","0.00 comm","In Stock","With Supplier",ACTIONSEditEXPEnq/SellInfoSmanImages
0,14329,YT70YWC,30/10/2020,FORD,"TRANSIT CUSTOM","2.0 300 EcoBlue Trend Panel Van 5dr Diesel Manual L1 H2 Euro 6 (s/s) (130 ps)  ",WHITE,81254,"PANEL VAN",5,Diesel,Manual,N,345.00,09/01/2027,"0.00 comm","In Stock","Stanmore Retail",ACTIONSEditEXPEnq/SellInfoSmanImages
0,14331,WN73FXL,01/09/2023,FORD,"TRANSIT CUSTOM","2.0 320 EcoBlue Limited Panel Van 5dr Diesel Auto L1 H1 Euro 6 (170 ps)  ",BLACK,32889,"PANEL VAN",5,Diesel,Auto,N,345.00,"Not set","0.00 comm","In Stock","With Supplier",ACTIONSEditEXPEnq/SellInfoSmanImages
0,14336,WN73CZJ,01/09/2023,FORD,"TRANSIT CUSTOM","2.0 320 EcoBlue Limited Panel Van 5dr Diesel Auto L1 H1 Euro 6 (170 ps)  ",GREY,25879,"PANEL VAN",5,Diesel,Auto,N,345.00,"Not set","0.00 comm","In Stock","With Supplier",ACTIONSEditEXPEnq/SellInfoSmanImages
0,14343,WN73EZM,01/09/2023,FORD,"TRANSIT CUSTOM","2.0 320 EcoBlue Limited Panel Van 5dr Diesel Auto L1 H1 Euro 6 (170 ps)  ",GREY,29347,"PANEL VAN",5,Diesel,Auto,N,345.00,"Not set","0.00 comm","In Stock","With Supplier",ACTIONSEditEXPEnq/SellInfoSmanImages
0,14344,WN73EXB,01/09/2023,FORD,"TRANSIT CUSTOM","2.0 320 EcoBlue Limited Panel Van 5dr Diesel Auto L2 H1 Euro 6 (170 ps)  ",WHITE,22000,"PANEL VAN",5,Diesel,Auto,N,345.00,"Not set","0.00 comm","In Stock","With Supplier",ACTIONSEditEXPEnq/SellInfoSmanImages
0,14345,WN23VAD,20/03/2023,FORD,"TRANSIT CUSTOM","2.0 340 EcoBlue Limited Panel Van 5dr Diesel Auto L1 H1 Euro 6 (s/s) (170 ps)  ",GREY,36942,"PANEL VAN",5,Diesel,Auto,N,345.00,"Not set","0.00 comm","In Stock","With Supplier",ACTIONSEditEXPEnq/SellInfoSmanImages
0,14353,CX70GZF,03/09/2020,FORD,"TRANSIT CUSTOM","2.0 300 EcoBlue Limited Automatic 170 BHP L1 H1 6 Seats Combi Van Euro 6 Compliant ULEZ    ",WHITE,41509,"Combi Van",6,Diesel,Auto,N,345.00,22/04/2026,"19990.00 comm","In Stock","Stanmore Retail",ACTIONSEditEXPEnq/SellInfoSmanImages
0,14352,WV73YWE,01/09/2023,FORD,"TRANSIT CUSTOM","2.0 320 EcoBlue Limited Panel Van 5dr Diesel Auto L1 H1 Euro 6 (170 ps)  ",WHITE,31379,"PANEL VAN",5,Diesel,Auto,N,345.00,"Not set","0.00 comm","In Stock","With Supplier",ACTIONSEditEXPEnq/SellInfoSmanImages
0,14360,MJ22YMD,12/08/2022,FORD,"TRANSIT CUSTOM","2.0 300 EcoBlue Limited Panel Van 5dr Diesel Manual L1 H1 Euro 6 (s/s) (130 ps)  ",WHITE,54000,"PANEL VAN",5,Diesel,Manual,N,345.00,11/08/2026,"0.00 comm","In Stock","With Supplier",ACTIONSEditEXPEnq/SellInfoSmanImages
0,14361,WV73YWT,01/09/2023,FORD,"TRANSIT CUSTOM","2.0 320 EcoBlue Limited Panel Van 5dr Diesel Auto L1 H1 Euro 6 (170 ps)  ",GREY,38166,"PANEL VAN",5,Diesel,Auto,N,345.00,"Not set","0.00 comm","In Stock","With Supplier",ACTIONSEditEXPEnq/SellInfoSmanImages
0,12284,WM21PFD,07/07/2021,FORD,"TRANSIT CUSTOM","2.0 340 LIMITED P/V ECOBLUE 5d AUTO 168 BHP  ",BLUE,36599,"PANEL VAN",5,Diesel,Auto,N,345.00,11/08/2026,"0.00 comm","In Transit","With Supplier",ACTIONSEditEXPEnq/SellInfoSmanImages
0,14271,WV73YTC,01/09/2023,FORD,"TRANSIT CUSTOM","2.0 320 EcoBlue Limited Panel Van 5dr Diesel Auto L1 H1 Euro 6 (170 ps)  ",WHITE,21126,"PANEL VAN",5,Diesel,Auto,N,345.00,01/09/2026,"0.00 comm","In Transit","With Supplier",ACTIONSEditEXPEnq/SellInfoSmanImages
0,14311,WR23PXV,07/06/2023,FORD,"TRANSIT CUSTOM","2.0 340 EcoBlue Limited Panel Van 5dr Diesel Auto L1 H1 Euro 6 (s/s) (170 ps)  ",GREY,38794,"PANEL VAN",5,Diesel,Auto,N,345.00,07/06/2026,"0.00 comm","In Transit","Stanmore Retail",ACTIONSEditEXPEnq/SellInfoSmanImages
0,14348,WN23AWY,01/03/2023,FORD,"TRANSIT CUSTOM","2.0 340 EcoBlue Limited Panel Van 5dr Diesel Auto L1 H1 Euro 6 (s/s) (170 ps)  ",GREY,39350,"PANEL VAN",5,Diesel,Auto,N,345.00,"Not set","0.00 comm","In Transit","With Supplier",ACTIONSEditEXPEnq/SellInfoSmanImages
0,14349,WN23VBV,17/03/2023,FORD,"TRANSIT CUSTOM","2.0 340 EcoBlue Limited Panel Van 5dr Diesel Auto L1 H1 Euro 6 (s/s) (170 ps)  ",GREY,38614,"PANEL VAN",5,Diesel,Auto,N,345.00,"Not set","0.00 comm","In Transit","With Supplier",ACTIONSEditEXPEnq/SellInfoSmanImages
0,14350,WV73YVS,01/09/2023,FORD,"TRANSIT CUSTOM","2.0 320 EcoBlue Limited Panel Van 5dr Diesel Auto L1 H1 Euro 6 (170 ps)  ",GREY,37273,"PANEL VAN",5,Diesel,Auto,N,345.00,"Not set","0.00 comm","In Transit","With Supplier",ACTIONSEditEXPEnq/SellInfoSmanImages
,13033,3VANS,24/11/2020,FORD,"TRANSIT CONNECT","1.5 240 EcoBlue Limited Panel Van 5dr Diesel Manual L2 Euro 6 (s/s) (120 ps)  ",WHITE,60000,"Not set",0,Diesel,other,N,345.00,24/11/2023," comm","In Stock",,ACTIONSEditEXPEnq/SellInfoSmanImages
0,14200,WT21DVN,31/08/2021,FORD,"TRANSIT CONNECT","1.5 230 EcoBlue Trend Crew Van Double Cab 6dr Diesel Manual L2 Euro 6 (s/s) (120 ps)  ",WHITE,28218,"Combi Van",6,Diesel,Manual,N,195.00,30/08/2026,"0.00 comm","In Stock","Stanmore Retail",ACTIONSEditEXPEnq/SellInfoSmanImages
0,14233,SK70SMO,01/09/2020,FORD,"TRANSIT CONNECT","1.5 200 EcoBlue Trend 75 BHP L1 SWB Euro 6 ULEZ Compliant   ",WHITE,30339,"PANEL VAN",5,Diesel,Manual,N,345.00,31/08/2026,"9990.00 comm","In Stock","Stanmore Retail",ACTIONSEditEXPEnq/SellInfoSmanImages
0,14239,WT21LZN,31/08/2021,FORD,"TRANSIT CONNECT","1.5 230 EcoBlue Trend Crew Van Double Cab 6dr Diesel Manual L2 Euro 6 (s/s) (120 ps)  ",WHITE,29021,"Combi Van",6,Diesel,Manual,N,195.00,05/10/2026,"0.00 comm","In Stock","Stanmore Retail",ACTIONSEditEXPEnq/SellInfoSmanImages
0,14295,DS72PXC,13/12/2022,FORD,"TRANSIT CONNECT","1.5 240 EcoBlue Limited Panel Van 5dr Diesel Manual L1 Euro 6 (s/s) (120 ps)  ",WHITE,62315,"PANEL VAN",5,Diesel,Manual,N,345.00,12/12/2026,"0.00 comm","In Stock","Stanmore Retail",ACTIONSEditEXPEnq/SellInfoSmanImages
0,05893,WV67SSJ,31/10/2017,FORD,TRANSIT,"2.0 350 L4 H3 P/V DRW 1d 129 BHP  ",WHITE,61911,"PANEL VAN",0,Diesel,Manual,N,345.00,06/09/2026,"0.00 comm","In Stock","Stanmore 2",ACTIONSEditEXPEnq/SellInfoSmanImages
0,07874,FL55XZK,31/10/2005,FORD,TRANSIT,"2.4 350 RWD L3 LWB 115 BHP Dropside Lorry  ",WHITE,167796,DROPSIDE,2,Diesel,Manual,N,335.00,21/10/2020,2500.00,"In Stock","Stanmore 2",ACTIONSEditEXPEnq/SellInfoSmanImages
0,13908,HX24SVK,31/07/2024,FORD,TRANSIT,"2.0 350 EcoBlue Leader Automatic FWD 165 BHP L3 H2 Euro 6 ULEZ Free   ",SILVER,6895,"PANEL VAN",5,Diesel,Auto,N,345.00,31/07/2027,"23990.00 comm","In Stock","Stanmore Retail",ACTIONSEditEXPEnq/SellInfoSmanImages
0,14124,BL71WNZ,31/01/2022,FORD,TRANSIT,"2.0 350 EcoBlue Leader Panel Van 5dr Diesel Manual FWD L3 H2 Euro 6 (s/s) (130 ps)  ",WHITE,58006,"PANEL VAN",5,Diesel,Manual,N,345.00,30/01/2026,"0.00 comm","In Stock","Stanmore Retail",ACTIONSEditEXPEnq/SellInfoSmanImages
0,14131,YT70USD,16/10/2020,FORD,TRANSIT,"2.0 350 EcoBlue Leader Panel Van 5dr Diesel Manual RWD L3 H2 Euro 6 (s/s) (130 ps)  ",WHITE,71814,"PANEL VAN",5,Diesel,Manual,N,345.00,15/10/2026,"0.00 comm","In Stock","Stanmore Retail",ACTIONSEditEXPEnq/SellInfoSmanImages
0,14147,KP72ELX,15/12/2022,FORD,TRANSIT,"2.0 350 EcoBlue Leader Panel Van 5dr Diesel Manual FWD L3 H3 Euro 6 (s/s) (130 ps)  ",WHITE,43000,"PANEL VAN",5,Diesel,Manual,N,345.00,15/12/2025,"0.00 comm","In Stock","Stanmore Retail",ACTIONSEditEXPEnq/SellInfoSmanImages
0,14166,CF71SYY,14/02/2022,FORD,TRANSIT,"2.0 350 EcoBlue Leader Panel Van 5dr Diesel Manual FWD L3 H2 Euro 6 (s/s) (130 ps)  ",WHITE,45971,"PANEL VAN",5,Diesel,Manual,N,345.00,13/02/2026,"0.00 comm","In Stock","Stanmore Retail",ACTIONSEditEXPEnq/SellInfoSmanImages
0,14181,KP72ENY,15/12/2022,FORD,TRANSIT,"2.0 350 EcoBlue Leader FWD 130 BHP L3 H3 Euro 6 ULEZ Compliant   ",WHITE,46298,"PANEL VAN",5,Diesel,Manual,N,345.00,14/12/2026,"14490.00 comm","In Stock","Stanmore Retail",ACTIONSEditEXPEnq/SellInfoSmanImages
0,14182,HV74YCB,12/11/2024,FORD,TRANSIT,"2.0 350 EcoBlue Limited Panel Van 5dr Diesel Auto FWD L3 H2 Euro 6 (s/s) (130 ps)  ",GREY,12625,"PANEL VAN",5,Diesel,Auto,N,345.00,12/11/2027,"0.00 comm","In Stock","Stanmore Retail",ACTIONSEditEXPEnq/SellInfoSmanImages
0,14184,WV74PBU,25/10/2024,FORD,TRANSIT,"2.0 350 EcoBlue Limited Automatic FWD 130 BHP L3 H2 Euro 6 ULEZ Free   ",GREY,7179,"PANEL VAN",5,Diesel,Auto,N,345.00,25/10/2027,"25990.00 comm","In Stock","Stanmore Retail",ACTIONSEditEXPEnq/SellInfoSmanImages
0,14195,HN74OSG,29/11/2024,FORD,TRANSIT,"2.0 350 EcoBlue Limited Automatic FWD 130 BHP L3 H2 Euro 6 ULEZ Compliant   ",GREY,11832,"PANEL VAN",5,Diesel,Auto,N,345.00,29/11/2027,"25990.00 comm","In Stock","Stanmore Retail",ACTIONSEditEXPEnq/SellInfoSmanImages
0,14218,ML71CZM,30/12/2021,FORD,TRANSIT,"2.0 350 EcoBlue Leader Automatic FWD 130 BHP L2 H2 Refrigerated Van Euro 6 ULEZ Compliant   ",SILVER,154035,"Temperature Controlled",5,Diesel,Auto,N,345.00,09/10/2026,"9990.00 comm","In Stock","Stanmore Retail",ACTIONSEditEXPEnq/SellInfoSmanImages
0,14219,MM21YGA,30/06/2021,FORD,TRANSIT,"2.0 350 EcoBlue Leader Panel Van 5dr Diesel Auto FWD L2 H2 Euro 6 (s/s) (130 ps)  ",SILVER,146000,"PANEL VAN",5,Diesel,Auto,N,345.00,29/06/2025,"0.00 comm","In Stock","With Supplier",ACTIONSEditEXPEnq/SellInfoSmanImages
0,14220,ML71DAU,30/12/2021,FORD,TRANSIT,"2.0 350 EcoBlue Leader Automatic FWD 130 BHP L2 H2 Refrigerated Van Euro 6 ULEZ Compliant   ",SILVER,152908,"Temperature Controlled",5,Diesel,Auto,N,345.00,29/12/2026,"9990.00 comm","In Stock","Stanmore Retail",ACTIONSEditEXPEnq/SellInfoSmanImages
0,14268,GU20RZN,07/04/2020,FORD,TRANSIT,"2.0 350 EcoBlue Leader Chassis Double Cab 4dr Diesel Manual RWD L3 Euro 6 (s/s) (130 ps)  ",WHITE,64000,"CHASSIS CAB",4,Diesel,Manual,N,345.00,04/03/2026," comm","In Stock","Stanmore Retail",ACTIONSEditEXPEnq/SellInfoSmanImages
0,14258,YR22GXT,23/08/2022,FORD,TRANSIT,"2.0 350 EcoBlue Trend RWD 130 BHP L4 H3 Euro 6 ULEZ Free   ",WHITE,51904,"PANEL VAN",5,Diesel,Manual,N,345.00,13/10/2026,"17490.00 comm","In Stock","Stanmore Retail",ACTIONSEditEXPEnq/SellInfoSmanImages
0,14259,WV69VVS,11/09/2019,FORD,TRANSIT,"2.0 350 EcoBlue Panel Van 5dr Diesel Manual RWD L3 H3 Euro 6 (130 ps)  ",WHITE,0,"PANEL VAN",5,Diesel,Manual,N,345.00,01/07/2026,"0.00 comm","In Stock","Stanmore PDI",ACTIONSEditEXPEnq/SellInfoSmanImages
0,14262,WN74DWV,11/11/2024,FORD,TRANSIT,"2.0 350 EcoBlue Limited Panel Van 5dr Diesel Auto FWD L3 H2 Euro 6 (s/s) (130 ps)  ",GREY,22495,"PANEL VAN",5,Diesel,Auto,N,345.00,11/11/2027,"0.00 comm","In Stock","Stanmore Retail",ACTIONSEditEXPEnq/SellInfoSmanImages
0,14266,KP72ELH,15/12/2022,FORD,TRANSIT,"2.0 350 EcoBlue Leader Panel Van 5dr Diesel Manual FWD L3 H3 Euro 6 (s/s) (130 ps)  ",WHITE,73000,"PANEL VAN",5,Diesel,Manual,N,345.00,14/12/2026,"0.00 comm","In Stock","With Supplier",ACTIONSEditEXPEnq/SellInfoSmanImages
0,14274,HV22WHK,10/03/2022,FORD,TRANSIT,"2.0 350 EcoBlue Trend Panel Van 5dr Diesel Manual FWD L3 H3 Euro 6 (s/s) (130 ps)  ",WHITE,52791,"PANEL VAN",5,Diesel,Manual,N,345.00,09/03/2026,"0.00 comm","In Stock","Stanmore Retail",ACTIONSEditEXPEnq/SellInfoSmanImages
0,14290,EX71YHE,13/10/2021,FORD,TRANSIT,"2.0 350 EcoBlue Leader RWD 130 BHP L4 XLWB Luton Van Euro 6 Compliant   ",WHITE,95146,"Luton Van",2,Diesel,Manual,N,345.00,13/10/2026,"13490.00 comm","In Stock","Stanmore Retail",ACTIONSEditEXPEnq/SellInfoSmanImages
0,14294,LA23DNJ,28/04/2023,FORD,TRANSIT,"2.0 350 EcoBlue Leader Panel Van 5dr Diesel Manual FWD L3 H3 Euro 6 (s/s) (130 ps)  ",WHITE,25500,"PANEL VAN",5,Diesel,Manual,N,345.00,28/04/2026,"0.00 comm","In Stock","Stanmore Retail",ACTIONSEditEXPEnq/SellInfoSmanImages
0,14317,BL71HZH,31/12/2021,FORD,TRANSIT,"2.0 350 EcoBlue Leader Panel Van 5dr Diesel Manual FWD L3 H2 Euro 6 (s/s) (130 ps)  ",WHITE,29254,"PANEL VAN",5,Diesel,Manual,N,345.00,21/01/2026,"0.00 comm","In Stock","Stanmore Retail",ACTIONSEditEXPEnq/SellInfoSmanImages
0,14321,FY68VVL,16/11/2018,FORD,TRANSIT,"2.0 350 EcoBlue Panel Van 5dr Diesel Manual RWD L4 H3 Euro 6 (130 ps)  ",WHITE,78000,"PANEL VAN",5,Diesel,Manual,N,345.00,15/11/2022,"0.00 comm","In Stock","Stanmore Retail",ACTIONSEditEXPEnq/SellInfoSmanImages
0,14330,BK71OGM,01/11/2021,FORD,TRANSIT,"2.0 350 EcoBlue Leader Panel Van 5dr Diesel Manual FWD L3 H2 Euro 6 (s/s) (130 ps)  ",WHITE,30394,"PANEL VAN",5,Diesel,Manual,N,345.00,31/10/2025,"0.00 comm","In Stock","Stanmore Retail",ACTIONSEditEXPEnq/SellInfoSmanImages
0,14346,WV72TFE,09/11/2022,FORD,TRANSIT,"2.0 350 EcoBlue HD Leader Chassis Cab 2dr Diesel Manual RWD L4 Euro 6 (s/s) (DRW) (130 ps)  ",SILVER,105925,"CHASSIS CAB",2,Diesel,Manual,N,345.00,08/11/2026,"0.00 comm","In Stock","Stanmore Retail",ACTIONSEditEXPEnq/SellInfoSmanImages
0,14347,DN23WBK,30/05/2023,FORD,TRANSIT,"2.0 350 EcoBlue Leader Panel Van 5dr Diesel Manual FWD L3 H2 Euro 6 (s/s) (130 ps)  ",WHITE,63710,"PANEL VAN",5,Diesel,Manual,N,345.00,"Not set","0.00 comm","In Stock","With Supplier",ACTIONSEditEXPEnq/SellInfoSmanImages
0,14358,BL71NKT,31/12/2021,FORD,TRANSIT,"2.0 350 EcoBlue Leader Panel Van 5dr Diesel Manual FWD L3 H2 Euro 6 (s/s) (130 ps)  ",WHITE,56727,"PANEL VAN",5,Diesel,Manual,N,345.00,20/11/2025,"0.00 comm","In Stock","With Supplier",ACTIONSEditEXPEnq/SellInfoSmanImages
0,14010,MT71TPY,28/02/2022,FORD,RANGER,"2.0 EcoBlue Limited Double Cab Automatic 4WD 170 BHP Euro 6 ULEZ Free   ",WHITE,100000,PICKUP,4,Diesel,Auto,N,345.00,24/11/2026,"10995.00 comm","In Stock","Stanmore Retail",ACTIONSEditEXPEnq/SellInfoSmanImages
0,14167,MT71TUU,28/02/2022,FORD,RANGER,"2.0 EcoBlue Limited Double Cab Automatic 4WD 170 BHP Euro 6 ULEZ Free   ",WHITE,71051,PICKUP,4,Diesel,Auto,N,345.00,27/02/2027,"12990.00 comm","In Stock","Stanmore Retail",ACTIONSEditEXPEnq/SellInfoSmanImages
0,14308,MT71TTK,30/11/2021,FORD,RANGER,"2.0 EcoBlue Limited Pickup Double Cab 4dr Diesel Auto 4WD Euro 6 (s/s) (170 ps)  ",WHITE,73000,PICKUP,4,Diesel,Auto,N,195.00,11/01/2027,"0.00 comm","In Stock","Stanmore Retail",ACTIONSEditEXPEnq/SellInfoSmanImages
0,14359,MT71TNJ,30/11/2021,FORD,RANGER,"2.0 EcoBlue Limited Pickup Double Cab 4dr Diesel Auto 4WD Euro 6 (s/s) (170 ps)  ",WHITE,72000,PICKUP,4,Diesel,Auto,N,195.00,29/11/2025,"0.00 comm","In Stock","Stanmore Retail",ACTIONSEditEXPEnq/SellInfoSmanImages
0,13310,FL19NMA,05/03/2019,FORD,FOCUS,"1.0T EcoBoost ST-Line X 125 BHP Petrol Hatchback Euro 6 ULEZ Free  ",BLUE,78488,Hatchback,5,Petrol,Manual,N,195.00,21/04/2026,8990.00,"In Stock","Stanmore Retail",ACTIONSEditEXPEnq/SellInfoSmanImages
0,13764,WN74RSY,27/09/2024,FORD,"E-Transit Custom","320 65kWh Sport Automatic 218 BHP (New Shape) L2 H1 Electric Zero-Emission   ",BLUE,15707,"PANEL VAN",5,Electric,Auto,N,0.00,27/09/2027,"24990.00 comm","In Stock","Stanmore Retail",ACTIONSEditEXPEnq/SellInfoSmanImages
0,13916,HN74OSL,23/10/2024,FORD,"E-Transit Custom","320 65kWh Sport Automatic 218 BHP (New Shape) L1 H1 Electric Zero-Emission   ",BLACK,3288,"PANEL VAN",5,Electric,Auto,N,0.00,23/10/2027,"24990.00 comm","In Stock","Stanmore Retail",ACTIONSEditEXPEnq/SellInfoSmanImages
0,13937,WR74YAF,29/11/2024,FORD,"E-Transit Custom","320 65kWh Sport Automatic 218 BHP (New Shape) L1 H1 Electric Zero-Emission   ",BLACK,7909,"PANEL VAN",5,Electric,Auto,N,0.00,29/11/2027,"23990.00 comm","In Stock","Stanmore Retail",ACTIONSEditEXPEnq/SellInfoSmanImages
0,13973,BT73NNB,29/11/2023,ISUZU,D-MAX,"1.9 TD DL20 Pickup Double Cab 165 BHP 4WD Euro 6 ULEZ Free   ",BLACK,22458,PICKUP,4,Diesel,Manual,N,345.00,29/11/2026,"23990.00 comm","In Stock","Stanmore Retail",ACTIONSEditEXPEnq/SellInfoSmanImages
0,R0465,RO75HDV,30/09/2025,KGM,MUSSO,"2.2D Rebel 4WD 202 BHP Double Cab Pickup Euro 6 ULEZ Free   ",BLACK,22,PICKUP,4,Diesel,Manual,N,345.00,30/09/2028,"24990.00 comm","In Stock","Stanmore Retail",ACTIONSEditEXPEnq/SellInfoSmanImages
0,R0466,RO75HFH,30/09/2025,KGM,MUSSO,"2.2D Saracen 4WD Automatic 202 BHP Double Cab Pickup Euro 6 ULEZ Free   ",GREEN,11,PICKUP,4,Diesel,Auto,N,345.00,30/09/2028,"26750.00 comm","In Stock","Stanmore Retail",ACTIONSEditEXPEnq/SellInfoSmanImages
0,R0467,RO75HDL,30/09/2025,KGM,MUSSO,"2.2D Rebel 4WD 202 BHP Double Cab Pickup Euro 6 ULEZ Free   ",GREY,19,PICKUP,4,Diesel,Manual,N,345.00,30/09/2028,"24990.00 comm","In Stock","Stanmore Retail",ACTIONSEditEXPEnq/SellInfoSmanImages
0,R0469,RO75HDJ,30/09/2025,KGM,MUSSO,"2.2D Rebel 4WD 202 BHP Double Cab Pickup Euro 6 ULEZ Free   ",GREY,13,PICKUP,4,Diesel,Manual,N,345.00,30/09/2028,"24990.00 comm","In Stock","Stanmore Retail",ACTIONSEditEXPEnq/SellInfoSmanImages
0,R0473,RO75HFC,30/09/2025,KGM,MUSSO,"2.2D Saracen 4WD Automatic 202 BHP Double Cab Pickup Euro 6 ULEZ Free   ",GREEN,18,PICKUP,4,Diesel,Auto,N,345.00,30/09/2028,"26750.00 comm","In Stock","Stanmore Retail",ACTIONSEditEXPEnq/SellInfoSmanImages
0,R0474,RO75HDX,30/09/2025,KGM,MUSSO,"2.2D Rebel 4WD 202 BHP Double Cab Pickup Euro 6 ULEZ Free   ",BLACK,14,PICKUP,4,Diesel,Manual,N,345.00,30/09/2028,"24990.00 comm","In Stock","Stanmore Retail",ACTIONSEditEXPEnq/SellInfoSmanImages
0,R0475,RO75HDH,30/09/2025,KGM,MUSSO,"2.2D Rebel 4WD 202 BHP Double Cab Pickup Euro 6 ULEZ Free   ",GREEN,26,PICKUP,4,Diesel,Manual,N,345.00,30/09/2028,"24990.00 comm","In Stock","Stanmore Retail",ACTIONSEditEXPEnq/SellInfoSmanImages
0,R0477,RO75HDE,30/09/2025,KGM,MUSSO,"2.2D Rebel 4WD 202 BHP Double Cab Pickup Euro 6 ULEZ Free   ",GREY,13,PICKUP,4,Diesel,Manual,N,345.00,30/09/2028,"24990.00 comm","In Stock","Stanmore Retail",ACTIONSEditEXPEnq/SellInfoSmanImages
0,R0479,RO75HDG,30/09/2025,KGM,MUSSO,"2.2D Rebel 4WD 202 BHP Double Cab Pickup Euro 6 ULEZ Free   ",GREEN,11,PICKUP,4,Diesel,Manual,N,345.00,30/09/2028,"24990.00 comm","In Stock","Stanmore Retail",ACTIONSEditEXPEnq/SellInfoSmanImages
0,R0481,RO75HDK,30/09/2025,KGM,MUSSO,"2.2D Rebel 4WD 202 BHP Double Cab Pickup Euro 6 ULEZ Free   ",BLACK,26,PICKUP,4,Diesel,Manual,N,345.00,30/09/2028,"24990.00 comm","In Stock","Stanmore Retail",ACTIONSEditEXPEnq/SellInfoSmanImages
0,R0482,RO75HDN,30/09/2025,KGM,MUSSO,"2.2D Rebel 4WD 202 BHP Double Cab Pickup Euro 6 ULEZ Free   ",BLACK,15,PICKUP,4,Diesel,Manual,N,345.00,30/09/2028,"24990.00 comm","In Stock","Stanmore Retail",ACTIONSEditEXPEnq/SellInfoSmanImages
0,R0483,RO75HDU,30/09/2025,KGM,MUSSO,"2.2D Rebel 4WD 202 BHP Double Cab Pickup Euro 6 ULEZ Free   ",GREY,16,PICKUP,4,Diesel,Manual,N,345.00,30/09/2028,"24990.00 comm","In Stock","Stanmore Retail",ACTIONSEditEXPEnq/SellInfoSmanImages
0,R0484,RO75HFE,30/09/2025,KGM,MUSSO,"2.2D Saracen Pickup Double Cab 4dr Diesel Auto 4WD Euro 6 (202 ps)  ",BLACK,0,PICKUP,4,Diesel,Auto,N,195.00,30/09/2028,"0.00 comm","In Stock","Stanmore PDI",ACTIONSEditEXPEnq/SellInfoSmanImages
0,14037,DK72ZWM,01/09/2022,MAN,TGE,"2.0 3140d LION XS Automatic FWD 140 BHP LWB High Roof Euro 6 ULEZ Compliant    ",WHITE,74299,"PANEL VAN",5,Diesel,Auto,N,345.00,31/08/2026,"21990.00 comm","In Stock","Stanmore Retail",ACTIONSEditEXPEnq/SellInfoSmanImages
0,14038,DK72ZXC,01/09/2022,MAN,TGE,"2.0 3140d LION XS Automatic FWD 140 BHP LWB High Roof Euro 6 ULEZ Free   ",WHITE,98810,"PANEL VAN",5,Diesel,Auto,N,345.00,31/08/2026,"16990.00 comm","In Stock","Stanmore Retail",ACTIONSEditEXPEnq/SellInfoSmanImages
0,14039,DK72ZWN,01/09/2022,MAN,TGE,"2.0 3140d LION XS Panel Van 5dr Diesel Auto FWD LWB High Roof Euro 6 (s/s) (140 ps)  ",WHITE,99587,"PANEL VAN",5,Diesel,Auto,N,345.00,24/09/2026,"0.00 comm","In Stock","Stanmore Retail",ACTIONSEditEXPEnq/SellInfoSmanImages
0,14042,DK72ZXB,01/09/2022,MAN,TGE,"2.0 3140d LION XS Panel Van 5dr Diesel Auto FWD LWB High Roof Euro 6 (s/s) (140 ps)  ",WHITE,133941,"PANEL VAN",5,Diesel,Auto,N,345.00,31/08/2026,"0.00 comm","In Stock","Stanmore PDI",ACTIONSEditEXPEnq/SellInfoSmanImages
0,14043,DK72ZWV,01/09/2022,MAN,TGE,"2.0 3140d LION XS Panel Van 5dr Diesel Auto FWD LWB High Roof Euro 6 (s/s) (140 ps)  ",WHITE,138215,"PANEL VAN",5,Diesel,Auto,N,345.00,31/08/2026,"0.00 comm","In Stock","Stanmore Retail",ACTIONSEditEXPEnq/SellInfoSmanImages
0,14047,DK72ZWY,01/09/2022,MAN,TGE,"2.0 3140d LION XS Automatic FWD 140 BHP LWB High Roof Euro 6 ULEZ Free   ",WHITE,167931,"PANEL VAN",5,Diesel,Auto,N,345.00,31/08/2026,"11490.00 comm","Subject to","Stanmore Retail",ACTIONSEditEXPEnq/SellInfoSmanImages
0,14049,DK72ZWJ,01/09/2022,MAN,TGE,"2.0 3140d LION XS Panel Van 5dr Diesel Auto FWD LWB High Roof Euro 6 (s/s) (140 ps)  ",WHITE,133789,"PANEL VAN",5,Diesel,Auto,N,345.00,31/08/2026,"0.00 comm","In Stock","Stanmore Retail",ACTIONSEditEXPEnq/SellInfoSmanImages
0,14326,MF22RBX,11/05/2022,MAXUS,"EDELIVER 9","72kWh Automatic 204 BHP L3 H2 Fully Electric Zero-emission   ",WHITE,4316,"PANEL VAN",5,Electric,Auto,N,0.00,29/06/2026,17990.00,"In Stock","Stanmore Retail",ACTIONSEditEXPEnq/SellInfoSmanImages
0,14357,LR22JZW,28/03/2022,MAXUS,"EDELIVER 9","88.5kWh Panel Van 5dr Electric Auto FWD L3 H2 (204 ps)  ",WHITE,30000,"PANEL VAN",5,Electric,Auto,N,0.00,20/05/2026,"0.00 comm","In Stock","With Supplier",ACTIONSEditEXPEnq/SellInfoSmanImages
0,13649,LR71KYU,06/10/2021,MAXUS,"EDELIVER 3","52 kWh Automatic 122 BHP L1 SWB Fully Electric Zero-emission  ",WHITE,18838,"PANEL VAN",5,Electric,Auto,N,0.00,05/10/2026,"7990.00 comm","In Stock","Stanmore Retail",ACTIONSEditEXPEnq/SellInfoSmanImages
0,13996,LL71DZF,18/11/2021,MAXUS,"EDELIVER 3","52 kWh Automatic 122 BHP L1 SWB Fully Electric Zero-emission   ",WHITE,29147,"PANEL VAN",5,Electric,Auto,N,0.00,17/11/2026,"7490.00 comm","In Stock","Stanmore Retail",ACTIONSEditEXPEnq/SellInfoSmanImages
0,14081,NX21XDT,01/04/2021,MAXUS,"EDELIVER 3","52 kWh Automatic 122 BHP L1 SWB Fully Electric Zero-emission   ",WHITE,21306,"PANEL VAN",5,Electric,Auto,N,0.00,19/06/2026,"7990.00 comm","In Stock","Stanmore Retail",ACTIONSEditEXPEnq/SellInfoSmanImages
0,14119,LL71VME,30/11/2021,MAXUS,"EDELIVER 3","35kWh Panel Van 5dr Electric Auto FWD L1 (122 ps)  ",WHITE,16193,"PANEL VAN",5,Electric,Auto,N,0.00,11/12/2025,"0.00 comm","In Stock","With Supplier",ACTIONSEditEXPEnq/SellInfoSmanImages
0,14120,LL71VKU,30/11/2021,MAXUS,"EDELIVER 3","35kWh Panel Van 5dr Electric Auto FWD L1 (122 ps)  ",WHITE,35900,"PANEL VAN",5,Electric,Auto,N,0.00,15/12/2026,"0.00 comm","In Stock","Stanmore Retail",ACTIONSEditEXPEnq/SellInfoSmanImages
0,14121,LL71VKZ,30/11/2021,MAXUS,"EDELIVER 3","52 kWh Automatic 122 BHP L1 SWB Fully Electric Zero-emission   ",WHITE,16580,"PANEL VAN",5,Electric,Auto,N,0.00,02/02/2027,"7990.00 comm","In Stock","Stanmore Retail",ACTIONSEditEXPEnq/SellInfoSmanImages
0,14158,WN71BDX,26/11/2021,MAXUS,"EDELIVER 3","52 kWh Automatic 122 BHP L1 SWB Fully Electric Zero-emission   ",WHITE,17164,"PANEL VAN",5,Electric,Auto,N,0.00,28/12/2026,"7990.00 comm","In Stock","Stanmore Retail",ACTIONSEditEXPEnq/SellInfoSmanImages
0,14190,LR71ZDW,24/11/2021,MAXUS,"EDELIVER 3","35kWh Panel Van 5dr Electric Auto FWD L1 (122 ps)  ",WHITE,32000,"PANEL VAN",5,Electric,Auto,N,0.00,26/11/2026,"0.00 comm","In Stock","With Supplier",ACTIONSEditEXPEnq/SellInfoSmanImages
0,14192,LR71KYT,24/11/2021,MAXUS,"EDELIVER 3","35kWh Panel Van 5dr Electric Auto FWD L1 (122 ps)  ",WHITE,57000,"PANEL VAN",5,Electric,Auto,N,0.00,30/09/2026,"0.00 comm","In Stock","With Supplier",ACTIONSEditEXPEnq/SellInfoSmanImages
0,14230,LL71DZH,18/11/2021,MAXUS,"EDELIVER 3","35kWh Panel Van 5dr Electric Auto FWD L1 (122 ps)  ",WHITE,20000,"PANEL VAN",5,Electric,Auto,N,0.00,15/12/2026,"0.00 comm","In Stock","Stanmore Retail",ACTIONSEditEXPEnq/SellInfoSmanImages
0,14256,LR71ZDY,24/09/2021,MAXUS,"EDELIVER 3","35kWh Panel Van 5dr Electric Auto FWD L1 (122 ps)  ",WHITE,19000,"PANEL VAN",5,Electric,Auto,N,0.00,24/09/2024,"0.00 comm","In Stock","With Supplier",ACTIONSEditEXPEnq/SellInfoSmanImages
0,14296,LR71KYP,24/11/2021,MAXUS,"EDELIVER 3","35kWh Panel Van 5dr Electric Auto FWD L1 (122 ps)  ",WHITE,32000,"PANEL VAN",5,Electric,Auto,N,0.00,23/11/2025,"0.00 comm","In Stock","Stanmore Retail",ACTIONSEditEXPEnq/SellInfoSmanImages
0,14297,LR71KYS,24/11/2021,MAXUS,"EDELIVER 3","35kWh Panel Van 5dr Electric Auto FWD L1 (122 ps)  ",WHITE,24000,"PANEL VAN",5,Electric,Auto,N,0.00,26/11/2025,"0.00 comm","In Stock","Stanmore Retail",ACTIONSEditEXPEnq/SellInfoSmanImages
0,13625,LR22KGJ,01/04/2022,MAXUS,"DELIVER 9","BASE MH C/C  ",WHITE,44468,"CHASSIS CAB",0,Diesel,Manual,N,345.00,25/06/2026,"0.00 comm","In Stock","Stanmore Retail",ACTIONSEditEXPEnq/SellInfoSmanImages
0,14063,GY71OYB,01/11/2021,MAXUS,"DELIVER 9","2.0 D20 Panel Van 5dr Diesel Manual FWD L3 H2 Euro 6 (s/s) (163 ps)  ",WHITE,0,"PANEL VAN",5,Diesel,Manual,N,345.00,25/11/2025,"0.00 comm","In Stock","Stanmore PDI",ACTIONSEditEXPEnq/SellInfoSmanImages
0,14064,GY71OYW,08/11/2021,MAXUS,"DELIVER 9","2.0 D20 Panel Van 5dr Diesel Manual FWD L3 H2 Euro 6 (s/s) (163 ps)  ",WHITE,0,"PANEL VAN",5,Diesel,Manual,N,345.00,12/11/2026,"0.00 comm","In Stock","Stanmore PDI",ACTIONSEditEXPEnq/SellInfoSmanImages
0,14066,GY71OZN,08/11/2021,MAXUS,"DELIVER 9","2.0 D20 Panel Van 5dr Diesel Manual FWD L3 H2 Euro 6 (s/s) (163 ps)  ",WHITE,0,"PANEL VAN",5,Diesel,Manual,N,345.00,25/11/2025,"0.00 comm","In Stock","Stanmore PDI",ACTIONSEditEXPEnq/SellInfoSmanImages
0,14105,LO71JHK,08/02/2022,MAXUS,"DELIVER 9","2.0 D20 Panel Van 5dr Diesel Manual FWD L2 H2 Euro 6 (s/s) (163 ps)  ",WHITE,67852,"PANEL VAN",5,Diesel,Manual,N,345.00,07/02/2027,"0.00 comm","In Stock","Stanmore Retail",ACTIONSEditEXPEnq/SellInfoSmanImages
0,14106,LO71JHL,08/02/2022,MAXUS,"DELIVER 9","2.0 D20 Panel Van 5dr Diesel Manual FWD L2 H2 Euro 6 (s/s) (163 ps)  ",WHITE,34211,"PANEL VAN",5,Diesel,Manual,N,345.00,12/02/2026,"0.00 comm","In Stock","Stanmore Retail",ACTIONSEditEXPEnq/SellInfoSmanImages
0,14107,LO71JHU,08/02/2022,MAXUS,"DELIVER 9","2.0 D20 Panel Van 5dr Diesel Manual FWD L2 H2 Euro 6 (s/s) (163 ps)  ",WHITE,63687,"PANEL VAN",5,Diesel,Manual,N,345.00,07/02/2026,"0.00 comm","In Stock","Stanmore Retail",ACTIONSEditEXPEnq/SellInfoSmanImages
0,14108,LO71JHV,08/02/2022,MAXUS,"DELIVER 9","2.0 D20 Panel Van 5dr Diesel Manual FWD L2 H2 Euro 6 (s/s) (163 ps)  ",WHITE,68894,"PANEL VAN",5,Diesel,Manual,N,345.00,07/02/2026,"0.00 comm","In Stock","Stanmore Retail",ACTIONSEditEXPEnq/SellInfoSmanImages
0,14109,LO71JJE,08/02/2022,MAXUS,"DELIVER 9","2.0 D20 Panel Van 5dr Diesel Manual FWD L2 H2 Euro 6 (s/s) (163 ps)  ",WHITE,24346,"PANEL VAN",5,Diesel,Manual,N,345.00,07/02/2026,"0.00 comm","In Stock","Stanmore Retail",ACTIONSEditEXPEnq/SellInfoSmanImages
0,14110,LO71JJF,08/02/2022,MAXUS,"DELIVER 9","2.0 D20 Panel Van 5dr Diesel Manual FWD L2 H2 Euro 6 (s/s) (163 ps)  ",WHITE,22587,"PANEL VAN",5,Diesel,Manual,N,345.00,18/02/2026,"0.00 comm","In Stock","With Supplier",ACTIONSEditEXPEnq/SellInfoSmanImages
0,14111,LO71JJL,08/02/2022,MAXUS,"DELIVER 9","2.0 D20 Panel Van 5dr Diesel Manual FWD L2 H2 Euro 6 (s/s) (163 ps)  ",WHITE,39471,"PANEL VAN",5,Diesel,Manual,N,345.00,22/05/2026,"0.00 comm","In Stock","Stanmore Retail",ACTIONSEditEXPEnq/SellInfoSmanImages
0,14112,LO71JJU,08/02/2022,MAXUS,"DELIVER 9","2.0 D20 Panel Van 5dr Diesel Manual FWD L2 H2 Euro 6 (s/s) (163 ps)  ",WHITE,63212,"PANEL VAN",5,Diesel,Manual,N,345.00,07/02/2026,"0.00 comm","In Stock","Stanmore Retail",ACTIONSEditEXPEnq/SellInfoSmanImages
0,14114,LO71JJX,08/02/2022,MAXUS,"DELIVER 9","2.0 D20 Panel Van 5dr Diesel Manual FWD L2 H2 Euro 6 (s/s) (163 ps)  ",WHITE,39154,"PANEL VAN",5,Diesel,Manual,N,345.00,07/02/2026,"0.00 comm","In Stock","Stanmore Retail",ACTIONSEditEXPEnq/SellInfoSmanImages
0,14116,LO71JKJ,08/02/2022,MAXUS,"DELIVER 9","2.0 D20 Panel Van 5dr Diesel Manual FWD L2 H2 Euro 6 (s/s) (163 ps)  ",WHITE,73484,"PANEL VAN",5,Diesel,Manual,N,345.00,09/02/2026,"0.00 comm","In Stock","Stanmore Retail",ACTIONSEditEXPEnq/SellInfoSmanImages
0,14117,LO71JKN,08/02/2022,MAXUS,"DELIVER 9","2.0 D20 Panel Van 5dr Diesel Manual FWD L2 H2 Euro 6 (s/s) (163 ps)  ",WHITE,70981,"PANEL VAN",5,Diesel,Manual,N,345.00,11/02/2026,"0.00 comm","In Stock","With Supplier",ACTIONSEditEXPEnq/SellInfoSmanImages
0,14118,LO71JKU,08/02/2022,MAXUS,"DELIVER 9","2.0 D20 Panel Van 5dr Diesel Manual FWD L2 H2 Euro 6 (s/s) (163 ps)  ",WHITE,140118,"PANEL VAN",5,Diesel,Manual,N,345.00,07/02/2026,"0.00 comm","In Stock","With Supplier",ACTIONSEditEXPEnq/SellInfoSmanImages
0,14148,CK72AVE,21/12/2022,MAXUS,"DELIVER 9","2.0 D20 Panel Van 5dr Diesel Manual FWD L3 H3 Euro 6 (s/s) (163 ps)  ",WHITE,46000,"PANEL VAN",5,Diesel,Manual,N,345.00,21/12/2025,"0.00 comm","In Stock","Stanmore Retail",ACTIONSEditEXPEnq/SellInfoSmanImages
0,14168,SL22NZU,16/08/2022,MAXUS,"DELIVER 9","2.0 D20 BASE FWD 163 BHP L3 H2 Euro 6 ULEZ Compliant   ",WHITE,85635,"PANEL VAN",3,Diesel,Manual,N,345.00,02/07/2026,"9490.00 comm","In Stock","Stanmore Retail",ACTIONSEditEXPEnq/SellInfoSmanImages
0,14185,SL22NYK,08/07/2022,MAXUS,"DELIVER 9","2.0 D20 Panel Van 5dr Diesel Manual FWD L3 H2 Euro 6 (s/s) (163 ps)  ",WHITE,77000,"PANEL VAN",5,Diesel,Manual,N,345.00,07/07/2026,"0.00 comm","In Stock","With Supplier",ACTIONSEditEXPEnq/SellInfoSmanImages
0,14186,CK72AVF,21/12/2022,MAXUS,"DELIVER 9","2.0 D20 Panel Van 5dr Diesel Manual FWD L3 H3 Euro 6 (s/s) (163 ps)  ",WHITE,50000,"PANEL VAN",5,Diesel,Manual,N,345.00,21/12/2025,"0.00 comm","In Stock","Stanmore Retail",ACTIONSEditEXPEnq/SellInfoSmanImages
0,14189,LR22KGA,06/04/2022,MAXUS,"DELIVER 9","2.0L 145 BHP  ",WHITE,65000,"CHASSIS CAB",0,Diesel,Manual,N,345.00,29/04/2026,"0.00 comm","In Stock","With Supplier",ACTIONSEditEXPEnq/SellInfoSmanImages
0,14191,KE21ECW,27/07/2021,MAXUS,"DELIVER 9","BASE MH C/C  ",WHITE,65000,"CHASSIS CAB",0,Diesel,Manual,N,345.00,06/11/2025,"0.00 comm","In Stock","With Supplier",ACTIONSEditEXPEnq/SellInfoSmanImages
0,14202,SL22NZN,16/08/2022,MAXUS,"DELIVER 9","2.0 D20 Chassis Cab 2dr Diesel Manual RWD L4 Euro 6 (s/s) (150 ps)  ",WHITE,42842,"CHASSIS CAB",2,Diesel,Manual,N,345.00,10/07/2026,"0.00 comm","In Stock","Stanmore Retail",ACTIONSEditEXPEnq/SellInfoSmanImages
0,14203,LL71YMZ,08/02/2022,MAXUS,"DELIVER 9","2.0 D20 Panel Van 5dr Diesel Manual FWD L2 H2 Euro 6 (s/s) (163 ps)  ",WHITE,14000,"PANEL VAN",5,Diesel,Manual,N,345.00,07/02/2026,"0.00 comm","In Stock","Stanmore Retail",ACTIONSEditEXPEnq/SellInfoSmanImages
0,14205,LR22KFY,06/04/2022,MAXUS,"DELIVER 9","2.0L 145 BHP  ",WHITE,51000,"CHASSIS CAB",0,Diesel,Manual,N,345.00,15/04/2026,"0.00 comm","In Stock","Stanmore Retail",ACTIONSEditEXPEnq/SellInfoSmanImages
0,14206,LO71JHX,08/02/2022,MAXUS,"DELIVER 9","2.0 D20 Panel Van 5dr Diesel Manual FWD L2 H2 Euro 6 (s/s) (163 ps)  ",WHITE,26000,"PANEL VAN",5,Diesel,Manual,N,345.00,07/02/2026,"0.00 comm","In Stock","With Supplier",ACTIONSEditEXPEnq/SellInfoSmanImages
0,14225,SL22NZV,16/08/2022,MAXUS,"DELIVER 9","2.0 D20 Chassis Cab 2dr Diesel Manual RWD L4 Euro 6 (s/s) (150 ps)  ",WHITE,47000,"CHASSIS CAB",2,Diesel,Manual,N,345.00,02/09/2026,"0.00 comm","In Stock","With Supplier",ACTIONSEditEXPEnq/SellInfoSmanImages
0,14229,SL22NZT,16/08/2022,MAXUS,"DELIVER 9","2.0 D20 Chassis Cab 2dr Diesel Manual RWD L4 Euro 6 (s/s) (150 ps)  ",WHITE,48000,"CHASSIS CAB",2,Diesel,Manual,N,345.00,15/08/2026,"0.00 comm","In Stock","Stanmore Retail",ACTIONSEditEXPEnq/SellInfoSmanImages
0,14251,LL71DYW,07/12/2021,MAXUS,"DELIVER 9","2.0 D20 Panel Van 5dr Diesel Manual FWD L3 H2 Euro 6 (s/s) (163 ps)  ",WHITE,56000,"PANEL VAN",5,Diesel,Manual,N,345.00,07/12/2024,"0.00 comm","In Stock","With Supplier",ACTIONSEditEXPEnq/SellInfoSmanImages
0,14253,LL71DZV,22/12/2021,MAXUS,"DELIVER 9","2.0 D20 Panel Van 5dr Diesel Manual FWD L3 H2 Euro 6 (s/s) (163 ps)  ",WHITE,55000,"PANEL VAN",5,Diesel,Manual,N,345.00,22/12/2024,"0.00 comm","In Stock","With Supplier",ACTIONSEditEXPEnq/SellInfoSmanImages
0,14254,LL71ZNV,29/12/2021,MAXUS,"DELIVER 9","2.0 D20 Panel Van 5dr Diesel Manual FWD L3 H2 Euro 6 (s/s) (163 ps)  ",WHITE,50000,"PANEL VAN",5,Diesel,Manual,N,345.00,17/06/2026,"0.00 comm","In Stock","With Supplier",ACTIONSEditEXPEnq/SellInfoSmanImages
0,14325,SL22NXW,23/05/2022,MAXUS,"DELIVER 9","2.0 D20 Chassis Cab 2dr Diesel Manual RWD L4 Euro 6 (s/s) (150 ps)  ",WHITE,40017,"CHASSIS CAB",2,Diesel,Manual,N,345.00,22/05/2026,0.00,"In Stock","Stanmore PDI",ACTIONSEditEXPEnq/SellInfoSmanImages
0,14334,SL22NYG,08/07/2022,MAXUS,"DELIVER 9","2.0 D20 Panel Van 5dr Diesel Manual FWD L3 H2 Euro 6 (s/s) (163 ps)  ",WHITE,35000,"PANEL VAN",5,Diesel,Manual,N,345.00,"Not set","0.00 comm","In Stock","With Supplier",ACTIONSEditEXPEnq/SellInfoSmanImages
0,14342,CK72AVD,21/12/2022,MAXUS,"DELIVER 9","2.0 D20 Panel Van 5dr Diesel Manual FWD L3 H3 Euro 6 (s/s) (163 ps)  ",WHITE,36100,"PANEL VAN",5,Diesel,Manual,N,345.00,"Not set","0.00 comm","In Stock","Stanmore Retail",ACTIONSEditEXPEnq/SellInfoSmanImages
0,14217,KS21JZN,30/07/2021,MERCEDES-BENZ,VITO,"1.7 114 CDI Progressive FWD 136 BHP L2 LWB Refrigerated Van Euro 6 ULEZ Compliant   ",WHITE,76826,"Temperature Controlled",5,Diesel,Manual,N,345.00,18/06/2026,"12990.00 comm","Subject to","Stanmore Retail",ACTIONSEditEXPEnq/SellInfoSmanImages
0,14260,NL71WCJ,28/10/2021,MERCEDES-BENZ,VITO,"2.0 114 CDI Progressive G-Tronic RWD 136 BHP L2 LWB Euro 6 ULEZ Compliant   ",WHITE,85759,"PANEL VAN",6,Diesel,Auto,N,345.00,28/10/2026,"12990.00 comm","In Stock","Stanmore Retail",ACTIONSEditEXPEnq/SellInfoSmanImages
0,12802,KN72PUK,08/09/2022,MERCEDES-BENZ,SPRINTER,"2.0 315 CDI PREMIUM FWD 150 BHP L2 H2 Euro 6 ULEZ Free   ",SILVER,28720,"PANEL VAN",5,Diesel,Manual,N,345.00,07/07/2026,"22990.00 comm","In Stock","Stanmore Retail",ACTIONSEditEXPEnq/SellInfoSmanImages
0,13992,YC72VUO,24/10/2022,MERCEDES-BENZ,SPRINTER,"2.0 315 CDI PREMIUM RWD 150 BHP L3 H2 Euro 6 ULEZ Free   ",WHITE,32595,"PANEL VAN",5,Diesel,Manual,N,345.00,11/01/2027,"25990.00 comm","In Stock","Stanmore Retail",ACTIONSEditEXPEnq/SellInfoSmanImages
0,14126,NK71YFP,22/10/2021,MERCEDES-BENZ,SPRINTER,"2.1 314 CDI Progressive RWD 145 BHP L3 LWB Tipper Euro 6 ULEZ Free   ",WHITE,82079,TIPPER,4,Diesel,Manual,N,345.00,23/10/2026,"14490.00 comm","In Stock","Stanmore Retail",ACTIONSEditEXPEnq/SellInfoSmanImages
0,14128,ND21VTZ,27/05/2021,MERCEDES-BENZ,SPRINTER,"2.0 317 CDI Progressive Panel Van 5dr Diesel Manual RWD L2 H2 Euro 6 (s/s) (170 ps)  ",WHITE,92095,"PANEL VAN",5,Diesel,Manual,N,345.00,26/05/2026,"0.00 comm","In Stock","Stanmore Retail",ACTIONSEditEXPEnq/SellInfoSmanImages
0,14130,NG21CZR,21/06/2021,MERCEDES-BENZ,SPRINTER,"2.0 315 CDI Progressive Panel Van 5dr Diesel Manual RWD L2 H2 Euro 6 (s/s) (150 ps)  ",WHITE,99426,"PANEL VAN",5,Diesel,Manual,N,345.00,12/05/2026,"0.00 comm","In Stock","Stanmore Retail",ACTIONSEditEXPEnq/SellInfoSmanImages
0,14136,ND21WVU,25/06/2021,MERCEDES-BENZ,SPRINTER,"2.1 314 CDI Progressive RWD 145 BHP L3 LWB 7 Seats Tipper Euro 6 ULEZ Free   ",WHITE,84560,TIPPER,4,Diesel,Manual,N,345.00,17/07/2026,"14490.00 comm","In Stock","Stanmore Retail",ACTIONSEditEXPEnq/SellInfoSmanImages
0,14139,ND21DVK,20/04/2021,MERCEDES-BENZ,SPRINTER,"2.0 317 CDI Progressive Panel Van 5dr Diesel Manual RWD L2 H2 Euro 6 (s/s) (170 ps)  ",WHITE,103184,"PANEL VAN",5,Diesel,Manual,N,345.00,19/04/2026,"0.00 comm","In Stock","Stanmore Retail",ACTIONSEditEXPEnq/SellInfoSmanImages
0,14143,ND21VOV,26/07/2021,MERCEDES-BENZ,SPRINTER,"2.1 314 CDI Chassis Cab 2dr Diesel Manual RWD L3 Euro 6 (s/s) (143 ps)  ",WHITE,67804,"CHASSIS CAB",2,Diesel,Manual,N,345.00,04/06/2026,"0.00 comm","In Stock","Stanmore Retail",ACTIONSEditEXPEnq/SellInfoSmanImages
0,14161,ND70MTF,14/01/2021,MERCEDES-BENZ,SPRINTER,"2.0 315 CDI Progressive Panel Van 5dr Diesel Manual RWD L2 H2 Euro 6 (s/s) (150 ps)  ",WHITE,92467,"PANEL VAN",5,Diesel,Manual,N,345.00,19/01/2026,"0.00 comm","In Stock","Stanmore Retail",ACTIONSEditEXPEnq/SellInfoSmanImages
0,14162,ND71ASU,26/10/2021,MERCEDES-BENZ,SPRINTER,"2.1 314 CDI Progressive RWD 145 BHP L3 LWB Tipper Euro 6 ULEZ Compliant   ",WHITE,67858,TIPPER,4,Diesel,Manual,N,345.00,25/10/2025,"14990.00 comm","In Stock","Stanmore Retail",ACTIONSEditEXPEnq/SellInfoSmanImages
0,14178,LL71AHJ,14/02/2022,MERCEDES-BENZ,SPRINTER,"2.1 314 CDI Progressive Chassis Cab 2dr Diesel Manual RWD L3 Euro 6 (s/s) (143 ps)  ",WHITE,54000,"CHASSIS CAB",2,Diesel,Manual,N,345.00,19/02/2026,"0.00 comm","In Stock","Stanmore Retail",ACTIONSEditEXPEnq/SellInfoSmanImages
0,14215,YH70LVT,05/11/2020,MERCEDES-BENZ,SPRINTER,"2.1 314 CDI Panel Van 5dr Diesel Manual FWD L2 H2 Euro 6 (143 ps)  ",WHITE,101000,"PANEL VAN",5,Diesel,Manual,N,345.00,16/12/2026,"0.00 comm","In Stock","Stanmore Retail",ACTIONSEditEXPEnq/SellInfoSmanImages
0,14291,NK70XLP,09/10/2020,MERCEDES-BENZ,SPRINTER,"2.1 316 CDI Chassis Double Cab 4dr Diesel Manual RWD L3 Euro 6 (163 ps)  ",WHITE,128740,"CHASSIS CAB",4,Diesel,Manual,N,345.00,09/10/2026,"0.00 comm","In Stock","Stanmore Retail",ACTIONSEditEXPEnq/SellInfoSmanImages
0,10560,YY14TTV,20/05/2014,MERCEDES-BENZ,C-CLASS,"2.1 C220 BLUETEC AMG LINE PREMIUM PLUS 4d 170 BHP  ",SILVER,53000,Saloon,4,Diesel,Auto,N,345.00,11/12/2026,,"In Stock","Stanmore 2",ACTIONSEditEXPEnq/SellInfoSmanImages
0,13341,GY69WNR,18/11/2019,MERCEDES-BENZ,A-CLASS,"2.0 A35 AMG Premium SpdS DCT 4MATIC 306 BHP Petrol Hatchback Euro 6 ULEZ Free   ",BLUE,47188,Hatchback,5,Petrol,Auto,N,,25/11/2026,21990.00,"In Stock","Stanmore Retail",ACTIONSEditEXPEnq/SellInfoSmanImages
0,14201,YH73VXM,30/10/2023,NISSAN,TOWNSTAR,"1.3 TCe Acenta 130 BHP Petrol SWB L1 Euro 6 ULEZ Free   ",GREY,8984,"PANEL VAN",6,Petrol,Manual,N,345.00,06/10/2026,"13790.00 comm","In Stock","Stanmore Retail",ACTIONSEditEXPEnq/SellInfoSmanImages
0,14316,YE21KNA,31/03/2021,NISSAN,NV250,"1.5 dCi Acenta 80 BHP SWB L1 Euro 6 ULEZ Free   ",WHITE,64423,"PANEL VAN",4,Diesel,Manual,N,345.00,02/02/2027,"6990.00 comm","In Stock","Stanmore Retail",ACTIONSEditEXPEnq/SellInfoSmanImages
0,10431,VU11XXN,11/08/2011,NISSAN,LEAF,"0.0 EV AUTO 5d AUTO 107 BHP  ",WHITE,54379,Hatchback,5,Electric,Auto,N,0.00,05/08/2025,0.00,"Off-site R","Stanmore 2",ACTIONSEditEXPEnq/SellInfoSmanImages
0,14175,MF71XFG,28/02/2022,PEUGEOT,PARTNER,"1.5 BlueHDi 1000 Professional Premium Standard Panel Van 5dr Diesel Manual SWB Euro 6 (100 bhp)  ",WHITE,119000,"PANEL VAN",5,Diesel,Manual,N,345.00,27/02/2026,"0.00 comm","In Stock","Stanmore Retail",ACTIONSEditEXPEnq/SellInfoSmanImages
0,14193,MD71ZXB,28/02/2022,PEUGEOT,PARTNER,"1.5 BlueHDi 1000 Professional Premium Standard Panel Van 5dr Diesel Manual SWB Euro 6 (100 bhp)  ",WHITE,68000,"PANEL VAN",5,Diesel,Manual,N,345.00,27/02/2026,"0.00 comm","In Stock","Stanmore Retail",ACTIONSEditEXPEnq/SellInfoSmanImages
0,14270,MD71ZWV,28/02/2022,PEUGEOT,PARTNER,"1.5 BlueHDi 1000 Professional Premium Standard Panel Van 5dr Diesel Manual SWB Euro 6 (100 bhp)  ",WHITE,74000,"PANEL VAN",5,Diesel,Manual,N,345.00,27/02/2026,"0.00 comm","In Stock","Stanmore Retail",ACTIONSEditEXPEnq/SellInfoSmanImages
0,14323,ML71GKK,28/02/2022,PEUGEOT,PARTNER,"1.5 BlueHDi 1000 Professional Premium Standard Panel Van 5dr Diesel Manual SWB Euro 6 (100 bhp)  ",WHITE,68000,"PANEL VAN",5,Diesel,Manual,N,345.00,27/02/2026,"0.00 comm","In Stock","Stanmore Retail",ACTIONSEditEXPEnq/SellInfoSmanImages
0,14355,MD71ZWW,28/02/2022,PEUGEOT,PARTNER,"1.5 BlueHDi 1000 Professional Premium Standard Panel Van 5dr Diesel Manual SWB Euro 6 (100 bhp)  ",WHITE,60000,"PANEL VAN",5,Diesel,Manual,N,345.00,26/01/2027,"0.00 comm","In Stock","With Supplier",ACTIONSEditEXPEnq/SellInfoSmanImages
0,14356,MD71ZXE,28/02/2022,PEUGEOT,PARTNER,"1.5 BlueHDi 1000 Professional Premium Standard Panel Van 5dr Diesel Manual SWB Euro 6 (100 bhp)  ",WHITE,60000,"PANEL VAN",5,Diesel,Manual,N,345.00,27/02/2026,"0.00 comm","In Stock","With Supplier",ACTIONSEditEXPEnq/SellInfoSmanImages
0,14244,BP72VKT,31/12/2022,PEUGEOT,EXPERT,"1.5 BlueHDi 1000 Professional Premium Standard 100 BHP MWB Euro 6 ULEZ Free   ",WHITE,28753,"PANEL VAN",6,Diesel,Manual,N,345.00,30/12/2026,"12690.00 comm","Subject to","Stanmore Retail",ACTIONSEditEXPEnq/SellInfoSmanImages
0,14298,KS74LHM,31/10/2024,PEUGEOT,EXPERT,"1.5 BlueHDi Asphalt 120 BHP LWB Euro 6 ULEZ Compliant   ",WHITE,13819,"PANEL VAN",6,Diesel,Manual,N,345.00,31/10/2027,"19990.00 comm","In Stock","Stanmore Retail",ACTIONSEditEXPEnq/SellInfoSmanImages
0,14153,AF72CYP,24/11/2022,PEUGEOT,E-EXPERT,"e 1200 75kWh Professional Standard Panel Van 6dr Electric Auto MWB (136 ps)  ",PURPLE,47206,"PANEL VAN",6,Electric,Auto,N,0.00,15/10/2026,"0.00 comm","In Stock","Stanmore Retail",ACTIONSEditEXPEnq/SellInfoSmanImages
0,14243,AF72CXG,13/12/2022,PEUGEOT,E-EXPERT,"e 1200 75kWh Professional Standard Panel Van 6dr Electric Auto MWB (136 ps)  ",PURPLE,17958,"PANEL VAN",6,Electric,Auto,N,0.00,02/10/2026,"0.00 comm","In Stock","Stanmore Retail",ACTIONSEditEXPEnq/SellInfoSmanImages
0,14150,MD22EEO,30/06/2022,PEUGEOT,BOXER,"2.2 BlueHDi 435 Professional 140 BHP L4 H2 Euro 6 ULEZ free   ",WHITE,56633,"PANEL VAN",5,Diesel,Manual,N,345.00,01/10/2026,"13990.00 comm","In Stock","Stanmore Retail",ACTIONSEditEXPEnq/SellInfoSmanImages
0,14151,MM22DJX,23/06/2022,PEUGEOT,BOXER,"2.2 BlueHDi 435 Professional 140 BHP L4 H2 Euro 6 ULEZ free   ",WHITE,66544,"PANEL VAN",5,Diesel,Manual,N,345.00,30/07/2026,"12990.00 comm","In Stock","Stanmore Retail",ACTIONSEditEXPEnq/SellInfoSmanImages
0,14173,MT22KFP,30/04/2022,PEUGEOT,BOXER,"2.2 BlueHDi 435 Professional 140 BHP L4 H2 Euro 6 ULEZ Compliant   ",WHITE,79957,"PANEL VAN",5,Diesel,Manual,N,345.00,09/02/2027,"11990.00 comm","In Stock","Stanmore Retail",ACTIONSEditEXPEnq/SellInfoSmanImages
0,14212,MW22GSU,31/05/2022,PEUGEOT,BOXER,"2.2 BlueHDi 435 Professional 140 BHP L4 H2 Euro 6 ULEZ Compliant   ",WHITE,81939,"PANEL VAN",5,Diesel,Manual,N,345.00,30/05/2026,"11990.00 comm","In Stock","Stanmore Retail",ACTIONSEditEXPEnq/SellInfoSmanImages
0,14213,HN71NXG,05/11/2021,PEUGEOT,BOXER,"2.2 BlueHDi 335 Built for Business Curtainside Chassis Cab 4dr Diesel Manual L4 Euro 6 (s/s) (140 ps)  ",WHITE,85937,"CHASSIS CAB",4,Diesel,Manual,N,345.00,25/01/2027,"0.00 comm","In Stock","Stanmore Retail",ACTIONSEditEXPEnq/SellInfoSmanImages
0,14261,MM22WSD,30/06/2022,PEUGEOT,BOXER,"2.2 BlueHDi 435 Professional Panel Van 5dr Diesel Manual L4 H2 Euro 6 (s/s) (140 ps)  ",WHITE,65000,"PANEL VAN",5,Diesel,Manual,N,345.00,29/06/2026,"0.00 comm","In Stock","With Supplier",ACTIONSEditEXPEnq/SellInfoSmanImages
0,14293,MD22FEG,30/06/2022,PEUGEOT,BOXER,"2.2 BlueHDi 435 Professional Panel Van 5dr Diesel Manual L4 H2 Euro 6 (s/s) (140 ps)  ",WHITE,40000,"PANEL VAN",5,Diesel,Manual,N,345.00,10/07/2026,"0.00 comm","In Stock","Stanmore Retail",ACTIONSEditEXPEnq/SellInfoSmanImages
0,14354,LA16GSO,26/05/2016,RENAULT,TRAFIC,"1.6 dCi ENERGY 27 Business Panel Van 5dr Diesel Manual SWB Standard Roof Euro 5 (s/s) (120 ps)  ",WHITE,130000,"PANEL VAN",4,Diesel,Manual,N,345.00,09/09/2026,,"In Stock","Stanmore PDI",ACTIONSEditEXPEnq/SellInfoSmanImages
0,13626,HN16NNL,31/03/2016,RENAULT,CLIO,"0.9 TCe Dynamique Nav 90 BHP Petrol Hatchback Euro 6 ULEZ Free  ",RED,80000,Hatchback,5,Petrol,Manual,N,20.00,12/08/2026,3490.00,"In Stock","Stanmore Retail",ACTIONSEditEXPEnq/SellInfoSmanImages
0,14073,LV10CVL,31/03/2010,SAAB,9-3,"1.8T Vector Sport Convertible 2dr Petrol Auto Euro 4 (150 ps)  ",BLACK,122000,Convertible,2,Petrol,Auto,N,140.00,24/11/2026,,"In Stock","Stanmore PDI",ACTIONSEditEXPEnq/SellInfoSmanImages
0,01616,PE14DHK,07/08/2014,"TAIWAN GOLDEN BEE","DELIVERY 125","124cc DELIVERY 125   ",RED,0,MOPED,0,Petrol,other,N,335.00,07/08/2017,0.00,"Off-site R","Stanmore 2",ACTIONSEditEXPEnq/SellInfoSmanImages
,13898,CV22ODG,25/05/2022,TOYOTA,"PROACE CITY","1.5 BlueHDi Active 100 BHP SWB Euro 6 ULEZ Free  ",WHITE,103207,"PANEL VAN",6,Diesel,Manual,N,345.00,24/05/2026,"6990.00 comm","In Stock","Stanmore Retail",ACTIONSEditEXPEnq/SellInfoSmanImages
0,14210,CV22JWU,31/03/2022,TOYOTA,"PROACE CITY","1.5 BlueHDi Active Short Panel Van 5dr Diesel Manual SWB Euro 6 (s/s) (100 bhp)  ",WHITE,65000,"PANEL VAN",5,Diesel,Manual,N,345.00,30/03/2026,"0.00 comm","In Stock","Stanmore Retail",ACTIONSEditEXPEnq/SellInfoSmanImages
0,14252,CV22LVJ,11/05/2022,TOYOTA,"PROACE CITY","1.5 BlueHDi Active Short Panel Van 5dr Diesel Manual SWB Euro 6 (s/s) (100 bhp)  ",WHITE,50000,"PANEL VAN",5,Diesel,Manual,N,345.00,10/05/2026,"0.00 comm","In Stock","With Supplier",ACTIONSEditEXPEnq/SellInfoSmanImages
0,14255,CV22KYB,31/03/2022,TOYOTA,"PROACE CITY","1.5 BlueHDi Active Short Panel Van 5dr Diesel Manual SWB Euro 6 (s/s) (100 bhp)  ",WHITE,40000,"PANEL VAN",5,Diesel,Manual,N,345.00,31/03/2025,"0.00 comm","In Stock","With Supplier",ACTIONSEditEXPEnq/SellInfoSmanImages
0,14292,CV22GUO,31/03/2022,TOYOTA,"PROACE CITY","1.5 BlueHDi Active Short Panel Van 5dr Diesel Manual SWB Euro 6 (s/s) (100 bhp)  ",WHITE,51000,"PANEL VAN",5,Diesel,Manual,N,345.00,30/03/2026,"0.00 comm","In Stock","Stanmore Retail",ACTIONSEditEXPEnq/SellInfoSmanImages
0,14310,CV22OWA,11/05/2022,TOYOTA,"PROACE CITY","1.5 BlueHDi Active Short Panel Van 5dr Diesel Manual SWB Euro 6 (s/s) (100 bhp)  ",WHITE,50000,"PANEL VAN",5,Diesel,Manual,N,345.00,21/05/2026,"0.00 comm","In Stock","Stanmore Retail",ACTIONSEditEXPEnq/SellInfoSmanImages
0,14333,CV22OFX,11/05/2022,TOYOTA,"PROACE CITY","1.5 BlueHDi Active Short Panel Van 5dr Diesel Manual SWB Euro 6 (s/s) (100 bhp)  ",WHITE,73000,"PANEL VAN",5,Diesel,Manual,N,345.00,10/05/2026,"0.00 comm","In Stock","With Supplier",ACTIONSEditEXPEnq/SellInfoSmanImages
0,14335,CV22KLA,31/03/2022,TOYOTA,"PROACE CITY","1.5 BlueHDi Active Short Panel Van 5dr Diesel Manual SWB Euro 6 (s/s) (100 bhp)  ",WHITE,68000,"PANEL VAN",5,Diesel,Manual,N,345.00,30/03/2026,"0.00 comm","In Stock","With Supplier",ACTIONSEditEXPEnq/SellInfoSmanImages
0,14340,CV22GUA,31/03/2022,TOYOTA,"PROACE CITY","1.5 BlueHDi Active Short Panel Van 5dr Diesel Manual SWB Euro 6 (s/s) (100 bhp)  ",WHITE,46000,"PANEL VAN",5,Diesel,Manual,N,345.00,26/02/2026,"0.00 comm","In Stock","Stanmore Retail",ACTIONSEditEXPEnq/SellInfoSmanImages
0,14146,AE13VFY,06/03/2013,TOYOTA,PRIUS,"1.8 VVT-h T3 Hatchback 5dr Petrol Hybrid CVT Euro 5 (s/s) (136 ps)  ",BLACK,220000,Hatchback,5,"P Hyb",Auto,N,,14/02/2026,,"In Stock","Stanmore PDI",ACTIONSEditEXPEnq/SellInfoSmanImages
0,14144,DV71JCJ,25/10/2021,VAUXHALL,MOVANO,"2.3 CDTi 3500 BiTurbo Edition FWD 135 BHP L3 H2 Euro 6 ULEZ Free   ",WHITE,82178,"PANEL VAN",5,Diesel,Manual,N,345.00,20/07/2026,"8490.00 comm","In Stock","Stanmore Retail",ACTIONSEditEXPEnq/SellInfoSmanImages
0,14157,DN71CGV,26/11/2021,VAUXHALL,MOVANO,"2.3 CDTi 3500 BiTurbo Edition Panel Van 5dr Diesel Manual FWD L3 H2 Euro 6 (135 ps)  ",WHITE,34181,"PANEL VAN",5,Diesel,Manual,N,345.00,20/08/2026,"0.00 comm","In Stock","Stanmore Retail",ACTIONSEditEXPEnq/SellInfoSmanImages
0,14194,DY21JZD,31/03/2021,VAUXHALL,COMBO,"1.5 Turbo D 2300 Dynamic 100 BHP L2 H1 Euro 6 ULEZ Free   ",WHITE,44762,"PANEL VAN",6,Diesel,Manual,N,345.00,02/02/2027,10490.00,"In Stock","Stanmore Retail",ACTIONSEditEXPEnq/SellInfoSmanImages
0,R0463,GY73NDN,03/01/2024,VOLKSWAGEN,TRANSPORTER,"2.0 TDI T30 Startline 110 BHP SWB Euro 6 ULEZ Free   ",GREY,31157,"PANEL VAN",5,Diesel,Manual,N,345.00,03/01/2027,"19990.00 comm","In Stock","Stanmore Retail",ACTIONSEditEXPEnq/SellInfoSmanImages
0,14289,EK18OGV,04/04/2018,VOLKSWAGEN,TRANSPORTER,"2.0 BiTDI T32 BlueMotion Tech Highline Panel Van 5dr Diesel DSG 4Motion LWB Euro 6 (s/s) (204 ps)  ",SILVER,126025,"PANEL VAN",5,Diesel,Auto,N,345.00,28/04/2026,"0.00 comm","In Stock","Stanmore Retail",ACTIONSEditEXPEnq/SellInfoSmanImages
0,14022,FN72OXP,21/09/2022,VOLKSWAGEN,CRAFTER,"2.0 TDI CR35 Trendline Panel Van 5dr Diesel Automatic FWD LWB High Roof Euro 6 (s/s) (140 ps)  ",WHITE,129790,"PANEL VAN",5,Diesel,Auto,N,345.00,20/09/2026,"0.00 comm","In Stock","Stanmore Retail",ACTIONSEditEXPEnq/SellInfoSmanImages
0,14023,FN72OYR,01/09/2022,VOLKSWAGEN,CRAFTER,"2.0 TDI CR35 Trendline Automatic 140 BHP FWD LWB High Roof Euro 6 ULEZ Free    ",WHITE,125399,"PANEL VAN",5,Diesel,Auto,N,345.00,31/08/2026,"16990.00 comm","In Stock","Stanmore Retail",ACTIONSEditEXPEnq/SellInfoSmanImages
0,14029,LX23CKC,22/05/2023,VOLKSWAGEN,CRAFTER,"2.0 TDI CR35 Trendline Automatic FWD 140 BHP LWB High Roof Euro 6 ULEZ Free   ",WHITE,113626,"PANEL VAN",5,Diesel,Auto,N,345.00,22/05/2026,"18990.00 comm","In Stock","Stanmore Retail",ACTIONSEditEXPEnq/SellInfoSmanImages
0,14033,LX23COA,26/06/2023,VOLKSWAGEN,CRAFTER,"2.0 TDI CR35 Trendline Panel Van 5dr Diesel Automatic FWD LWB High Roof Euro 6 (s/s) (140 ps)  ",WHITE,139612,"PANEL VAN",5,Diesel,Auto,N,345.00,26/06/2026,"0.00 comm","In Stock","Stanmore Retail",ACTIONSEditEXPEnq/SellInfoSmanImages
0,14035,LX72BVK,30/09/2022,VOLKSWAGEN,CRAFTER,"2.0 TDI CR35 Trendline Automatic 140 BHP FWD LWB High Roof Euro 6 ULEZ Free    ",WHITE,173678,"PANEL VAN",5,Diesel,Auto,N,345.00,29/09/2026,"13990.00 comm","In Stock","Stanmore Retail",ACTIONSEditEXPEnq/SellInfoSmanImages
0,14050,LX22CFE,18/07/2022,VOLKSWAGEN,CRAFTER,"2.0 TDI CR35 Trendline Automatic 140 BHP FWD LWB High Roof Euro 6 ULEZ Free    ",WHITE,132683,"PANEL VAN",5,Diesel,Auto,N,345.00,17/07/2026,"16490.00 comm","In Stock","Stanmore Retail",ACTIONSEditEXPEnq/SellInfoSmanImages
0,14187,FE72ZKD,31/10/2022,VOLKSWAGEN,CRAFTER,"2.0 TDI CR35 Trendline FWD 140 BHP MWB Euro 6 ULEZ Compliant   ",WHITE,51419,"PANEL VAN",5,Diesel,Manual,N,345.00,05/01/2027,"18990.00 comm","In Stock","Stanmore Retail",ACTIONSEditEXPEnq/SellInfoSmanImages
0,14188,FE72ZJX,31/10/2022,VOLKSWAGEN,CRAFTER,"2.0 TDI CR35 Trendline Panel Van 5dr Diesel Manual FWD MWB Euro 6 (s/s) (140 ps)  ",WHITE,42000,"PANEL VAN",5,Diesel,Manual,N,345.00,30/10/2026,"0.00 comm","In Stock","Stanmore Retail",ACTIONSEditEXPEnq/SellInfoSmanImages
0,14226,FE72ZJN,31/10/2022,VOLKSWAGEN,CRAFTER,"2.0 TDI CR35 Trendline Panel Van 5dr Diesel Manual FWD MWB Euro 6 (s/s) (140 ps)  ",WHITE,48000,"PANEL VAN",5,Diesel,Manual,N,345.00,30/10/2026,"0.00 comm","In Stock","Stanmore Retail",ACTIONSEditEXPEnq/SellInfoSmanImages
0,14246,FE72ZJK,31/10/2022,VOLKSWAGEN,CRAFTER,"2.0 TDI CR35 Trendline Panel Van 5dr Diesel Manual FWD MWB Euro 6 (s/s) (140 ps)  ",WHITE,67000,"PANEL VAN",5,Diesel,Manual,N,345.00,17/11/2026,"0.00 comm","In Stock","Stanmore Retail",ACTIONSEditEXPEnq/SellInfoSmanImages
0,14269,LX72BVO,21/10/2022,VOLKSWAGEN,CRAFTER,"2.0 TDI CR35 Trendline Automatic FWD 140 BHP MWB Euro 6 ULEZ Free   ",WHITE,108708,"PANEL VAN",5,Diesel,Auto,N,345.00,20/10/2026,"17990.00 comm","In Stock","Stanmore Retail",ACTIONSEditEXPEnq/SellInfoSmanImages
0,14306,FE72ZKB,31/10/2022,VOLKSWAGEN,CRAFTER,"2.0 TDI CR35 Trendline Panel Van 5dr Diesel Manual FWD MWB Euro 6 (s/s) (140 ps)  ",WHITE,50000,"PANEL VAN",5,Diesel,Manual,N,345.00,30/10/2026,"0.00 comm","In Stock","With Supplier",ACTIONSEditEXPEnq/SellInfoSmanImages
0,14307,FE72ZJZ,31/10/2022,VOLKSWAGEN,CRAFTER,"2.0 TDI CR35 Trendline Panel Van 5dr Diesel Manual FWD MWB Euro 6 (s/s) (140 ps)  ",WHITE,40000,"PANEL VAN",5,Diesel,Manual,N,345.00,30/10/2026,"0.00 comm","In Stock","Stanmore Retail",ACTIONSEditEXPEnq/SellInfoSmanImages
0,14339,FE72ZJU,31/10/2022,VOLKSWAGEN,CRAFTER,"2.0 TDI CR35 Trendline Panel Van 5dr Diesel Manual FWD MWB Euro 6 (s/s) (140 ps)  ",WHITE,46000,"PANEL VAN",5,Diesel,Manual,N,345.00,04/11/2026,"0.00 comm","In Stock","Stanmore Retail",ACTIONSEditEXPEnq/SellInfoSmanImages
0,14211,FP22YDB,22/08/2022,VOLKSWAGEN,CADDY,"2.0 TDI C20 Commerce Panel Van 5dr Diesel Manual SWB Euro 6 (s/s) (102 ps)  ",WHITE,35000,"PANEL VAN",5,Diesel,Manual,N,345.00,31/08/2026,"0.00 comm","In Stock","Stanmore Retail",ACTIONSEditEXPEnq/SellInfoSmanImages
0,14248,FN72ONJ,28/12/2022,VOLKSWAGEN,CADDY,"2.0 TDI C20 Commerce Panel Van 5dr Diesel Manual SWB Euro 6 (s/s) (102 ps)  ",WHITE,40000,"PANEL VAN",5,Diesel,Manual,N,345.00,26/11/2026,"0.00 comm","In Stock","Stanmore Retail",ACTIONSEditEXPEnq/SellInfoSmanImages
0,14249,FN72OOU,28/12/2022,VOLKSWAGEN,CADDY,"2.0 TDI C20 Commerce 102 BHP SWB Euro 6 ULEZ Compliant    ",WHITE,43582,"PANEL VAN",5,Diesel,Manual,N,345.00,27/12/2026,"12490.00 comm","In Stock","Stanmore Retail",ACTIONSEditEXPEnq/SellInfoSmanImages
0,14257,FL72AZG,31/10/2022,VOLKSWAGEN,CADDY,"2.0 TDI C20 Commerce 102 BHP SWB Euro 6 ULEZ Free   ",WHITE,24449,"PANEL VAN",5,Diesel,Manual,N,345.00,28/09/2026,"14990.00 comm","In Stock","Stanmore Retail",ACTIONSEditEXPEnq/SellInfoSmanImages
0,R0478,AE74VYX,30/09/2024,VOLKSWAGEN,AMAROK,"2.0 TDI Life Pickup Double Cab Automatic 4WD 205 BHP 4Motion Euro 6 ULEZ Free   ",BLACK,18520,PICKUP,4,Diesel,Auto,N,345.00,30/09/2027,"25990.00 comm","In Stock","Stanmore Retail",ACTIONSEditEXPEnq/SellInfoSmanImages
,,,,,,,,,,,,,,,,,,
