Management,Management
Management,Management
Management,Management
Sales Department,Sales Department
Sales Department,Sales Department
Sales Department,Sales Department
Sales Department,Sales Department
Sales Department,Sales Department
Marketing Department,Marketing Department
Marketing Department,Marketing Department
Finance Department,Finance Department
Workshop - Repairs,Workshop - Repairs
Workshop - Repairs,Workshop - Repairs
Workshop - Repairs,Workshop - Repairs
Workshop - Repairs,Workshop - Repairs
Cleaning / Valet,Cleaning / Valet
Procurment / Intake,Procurment / Intake
