Abarth,Abarth
Alfa Romeo,Alfa Romeo
Alpine,Alpine
Aston Martin,Aston Martin
Audi,Audi
Bentley,Bentley
BMW,BMW
Bugatti,Bugatti
BYD,BYD
Cadillac,Cadillac
Chevrolet,Chevrolet
Citro�n,Citro�n
Cupra,Cupra
Dacia,Dacia
Daewoo,Daewoo
DAF,DAF
DAF,DAF
Daihatsu,Daihatsu
Ferrari,Ferrari
Fiat,Fiat
Fisker,Fisker
Ford,Ford
Genesis,Genesis
Honda,Honda
Hummer,Hummer
Hyundai,Hyundai
Isuzu,Isuzu
Iveco,Iveco
Jaguar,Jaguar
Jeep,Jeep
Kia,Kia
Koenigsegg,Koenigsegg
Lamborghini,Lamborghini
Lancia,Lancia
Land Rover,Land Rover
LDV (SAIC Maxus),LDV (SAIC Maxus)
Lexus,Lexus
Lotus,Lotus
Lucid,Lucid
MAN,MAN
Maserati,Maserati
Maxus,Maxus
Mazda,Mazda
McLaren,McLaren
Mercedes-Benz,Mercedes-Benz
Mini,Mini
Mitsubishi,Mitsubishi
NIO,NIO
Nissan,Nissan
Oldsmobile,Oldsmobile
Opel,Opel
Ora,Ora
Pagani,Pagani
Peugeot,Peugeot
Polestar,Polestar
Pontiac,Pontiac
Porsche,Porsche
RAM,RAM
Renault,Renault
Rivian,Rivian
Rolls-Royce,Rolls-Royce
Rover,Rover
Saab,Saab
Saturn,Saturn
Scania,Scania
SEAT,SEAT
Skoda,Skoda
SsangYong,SsangYong
Subaru,Subaru
Suzuki,Suzuki
Tesla,Tesla
Toyota,Toyota
Vauxhall,Vauxhall
Volkswagen,Volkswagen
Volvo,Volvo
XPeng,XPeng
