Transit,Transit
Transit Custom,Transit Custom
Transit Connect,Transit Connect
Transit Courier,Transit Courier
Ranger (van conversion),Ranger (van conversion)
Tourneo Custom,Tourneo Custom
Sprinter,Sprinter
Vito,Vito
Citan,Citan
Vario,Vario
eSprinter,eSprinter
eVito,eVito
Transporter (T-series),Transporter (T-series)
Caddy,Caddy
Crafter,Crafter
Amarok (van conversion),Amarok (van conversion)
ID.Buzz Cargo,ID.Buzz Cargo
Trafic,Trafic
Master,Master
Kangoo,Kangoo
Express,Express
Vivaro,Vivaro
Movano,Movano
Combo Cargo,Combo Cargo
Arena,Arena
Berlingo,Berlingo
Dispatch,Dispatch
Relay,Relay
Jumpy,Jumpy
Nemo,Nemo
Partner,Partner
Expert,Expert
Boxer,Boxer
Bipper,Bipper
Doblo Cargo,Doblo Cargo
Scudo,Scudo
Ducato,Ducato
Fiorino,Fiorino
Talento,Talento
Primastar,Primastar
Interstar,Interstar
Townstar,Townstar
NV200,NV200
NV250,NV250
NV300,NV300
NV400,NV400
Proace,Proace
Proace City,Proace City
HiAce,HiAce
Dyna,Dyna
Land Cruiser Commercial,Land Cruiser Commercial
Daily,Daily
EcoDaily,EcoDaily
TurboDaily,TurboDaily
Deliver 9,Deliver 9
eDeliver 9,eDeliver 9
V80,V80
Other,Other
