Air Filter,Air Filter
Cabin / Pollen Filter,Cabin / Pollen Filter
Fuel Filter,Fuel Filter
Oil Filter,Oil Filter
Timing Belt / Cambelt,Timing Belt / Cambelt
Timing Chain,Timing Chain
Drive Belt / Serpentine Belt,Drive Belt / Serpentine Belt
Alternator Belt,Alternator Belt
Spark Plug,Spark Plug
Glow Plug,Glow Plug
Ignition Coil,Ignition Coil
Battery,Battery
Starter Motor,Starter Motor
Alternator,Alternator
Turbocharger,Turbocharger
Intercooler,Intercooler
Radiator,Radiator
Coolant Expansion Tank,Coolant Expansion Tank
Water Pump,Water Pump
Thermostat,Thermostat
EGR Valve,EGR Valve
DPF (Diesel Particulate Filter),DPF (Diesel Particulate Filter)
AdBlue Injector,AdBlue Injector
Fuel Pump,Fuel Pump
Injectors,Injectors
High-Pressure Fuel Rail,High-Pressure Fuel Rail
Clutch Kit,Clutch Kit
Clutch Slave Cylinder,Clutch Slave Cylinder
Flywheel (DMF),Flywheel (DMF)
Gearbox,Gearbox
Driveshaft,Driveshaft
CV Joint,CV Joint
Wheel Bearing,Wheel Bearing
Differential,Differential
Brake Pads,Brake Pads
Brake Discs,Brake Discs
Brake Shoes,Brake Shoes
Brake Drums,Brake Drums
Brake Caliper,Brake Caliper
Brake Master Cylinder,Brake Master Cylinder
ABS Sensor,ABS Sensor
Suspension Spring,Suspension Spring
Shock Absorber / Strut,Shock Absorber / Strut
Control Arm / Wishbone,Control Arm / Wishbone
Suspension Bushes,Suspension Bushes
Track Rod End,Track Rod End
Steering Rack,Steering Rack
Power Steering Pump,Power Steering Pump
Wheel Hub,Wheel Hub
Tyre,Tyre
Wheel Rim / Alloy,Wheel Rim / Alloy
Exhaust Silencer,Exhaust Silencer
Exhaust Manifold,Exhaust Manifold
Catalytic Converter,Catalytic Converter
Oxygen Sensor / Lambda Sensor,Oxygen Sensor / Lambda Sensor
Headlight Unit,Headlight Unit
Tail Light Unit,Tail Light Unit
Indicator Light,Indicator Light
Fog Light,Fog Light
Headlight Bulb,Headlight Bulb
Fuses,Fuses
Relays,Relays
Wiper Blades,Wiper Blades
Wiper Motor,Wiper Motor
Windscreen Washer Pump,Windscreen Washer Pump
Heater Blower Motor,Heater Blower Motor
Air Conditioning Compressor,Air Conditioning Compressor
Condenser,Condenser
Heater Matrix,Heater Matrix
Seatbelt,Seatbelt
Airbag,Airbag
Horn,Horn
Door Lock Actuator,Door Lock Actuator
Window Regulator,Window Regulator
Wing Mirror,Wing Mirror
Mirror Glass,Mirror Glass
Door Handle,Door Handle
Bonnet,Bonnet
Boot / Tailgate,Boot / Tailgate
Bumper (Front / Rear),Bumper (Front / Rear)
Grille,Grille
Interior Trim Panel,Interior Trim Panel
Dashboard Cluster,Dashboard Cluster
Instrument Display Screen,Instrument Display Screen
Steering Wheel,Steering Wheel
Gear Lever,Gear Lever
Handbrake Lever,Handbrake Lever
Floor Mats,Floor Mats
Seats,Seats
Upholstery,Upholstery
Service Kit (Oil + Filters),Service Kit (Oil + Filters)
Tyre Repair Kit / Spare Wheel,Tyre Repair Kit / Spare Wheel
